カード番号,文字,部首,字体数,用例数1,用例数2,用例数3,大字典,,,,
0001,丹,003,0,,,,00069,,,,
0002,乾,005,0,,,,00118,,,,
0003,乙,005,0,,,,00104,,,,
0004,假,009,0,,,,00405,,,,
0005,介,009,0,,,,00176,,,,
0006,佞,009,0,,,,00258,,,,
0007,僕,009,0,,,,00493,,,,
0008,備,009,0,,,,00455,,,,
0009,仆,009,0,,,,00173,,,,
0010,仕,009,0,,,,00182,,,,
0011,任,009,0,,,,00206,,,,
0012,低,009,0,,,,00244,,,,
0013,伴,009,0,,,,00230,,,,
0014,伺,009,0,,,,00233,,,,
0015,借,009,0,,,,00382,,,,
0016,伽,009,0,,,,00236,,,,
0017,倍,009,0,,,,00368,,,,
0018,信,009,0,,,,00345,,,,
0019,佃,009,0,,,,00238,,,,
0020,佳,009,0,,,,00267,,,,
0021,俾,009,0,,,,00360,,,,
0022,倫,009,0,,,,00391,,,,
0023,俄,009,0,,,,00325,,,,
0024,倶,009,0,,,,00350,,,,
0025,債,009,0,,,,00471,,,,
0026,00264,009,0,,,,00264,,,,
0027,停,009,0,,,,00417,,,,
0028,傑,009,0,,,,00450,,,,
0029,冀,012,0,,,,00616,,,,
0030,冒,013,0,,,,00636,,,,
0031,凝,015,0,,,,00696,,,,
0032,凶,017,0,,,,00718,,,,
0033,切,018,0,,,,00735,,,,
0034,刈,018,0,,,,00736,,,,
0035,削,018,0,,,,00791,,,,
0036,功,019,0,,,,00857,,,,
0037,助,019,0,,,,00863,,,,
0038,勾,020,0,,,,00918,,,,
0039,匐,020,0,,,,00932,,,,
0040,匍,020,0,,,,00930,,,,
0041,卒,024,0,,,,01004,,,,
0042,厄,027,0,,,,01058,,,,
0043,厚,027,0,,,,01068,,,,
0044,嘆,030,0,,,,01466,,,,
0045,嚢,030,0,,,,01595,,,,
0046,啓,030,0,,,,01373,,,,
0047,句,030,0,,,,01143,,,,
0048,吠,030,0,,,,01189,,,,
0049,呪,030,0,,,,01236,,,,
0050,咸,030,0,,,,01288,,,,
0051,周,030,0,,,,01235,,,,
0052,嗟,030,0,,,,01451,,,,
0053,啼,030,0,,,,01387,,,,
0054,嚼,030,0,,,,01584,,,,
0055,01532,030,0,,,,01532,,,,
0056,城,032,0,,,,01740,,,,
0057,墜,032,0,,,,01851,,,,
0058,墮,032,0,,,,01863,,,,
0059,境,032,0,,,,01839,,,,
0060,垣,032,0,,,,01727,,,,
0061,壤,032,0,,,,01899,,,,
0062,01779,032,0,,,,01779,,,,
0063,壷,033,0,,,,01908,,,,
0064,壽,033,0,,,,01913,,,,
0065,士,033,0,,,,01903,,,,
0066,外,036,0,,,,01934,,,,
0067,夷,037,0,,,,01961,,,,
0068,奘,037,0,,,,01994,,,,
0069,奏,037,0,,,,01981,,,,
0070,奔,037,0,,,,01986,,,,
0071,奄,037,0,,,,01968,,,,
0072,02040,038,0,,,,02040,,,,
0073,姓,038,0,,,,02077,,,,
0074,媚,038,0,,,,02177,,,,
0075,姨,038,0,,,,02093,,,,
0076,妙,038,0,,,,02045,,,,
0077,娑,038,0,,,,02110,,,,
0078,婆,038,0,,,,02142,,,,
0079,妍,038,0,,,,02098,,,,
0080,媛,038,0,,,,02178,,,,
0081,好,038,0,,,,02029,,,,
0082,姥,038,0,,,,02090,,,,
0083,嬰,038,0,,,,02248,,,,
0084,妊,038,0,,,,02035,,,,
0085,存,039,0,,,,02268,,,,
0086,學,039,0,,,,02293,,,,
0087,寛,040,0,,,,02397,,,,
0088,寧,040,0,,,,02392,,,,
0089,宇,040,0,,,,02307,,,,
0090,宗,040,0,,,,02322,,,,
0091,察,040,0,,,,02383,,,,
0092,寄,040,0,,,,02358,,,,
0093,審,040,0,,,,02395,,,,
0094,導,041,0,,,,02436,,,,
0095,尚,042,0,,,,02446,,,,
0096,尸,044,0,,,,02469,,,,
0097,尺,044,0,,,,02471,,,,
0098,尻,044,0,,,,02472,,,,
0099,屏,044,0,,,,02499,,,,
0100,屈,044,0,,,,02485,,,,
0101,峻,046,0,,,,02598,,,,
0102,島,046,0,,,,02594,,,,
0103,州,047,0,,,,02764,,,,
0104,巡,047,0,,,,02767,,,,
0105,希,050,0,,,,02806,,,,
0106,帚,050,0,,,,02818,,,,
0107,市,050,0,,,,02799,,,,
0108,帆,050,0,,,,02801,,,,
0109,并,051,0,,,,02902,,,,
0110,幾,052,0,,,,02915,,,,
0111,幽,052,0,,,,02912,,,,
0112,廢,053,0,,,,02992,,,,
0113,弱,057,0,,,,03064,,,,
0114,弭,057,0,,,,03060,,,,
0115,形,059,0,,,,03101,,,,
0116,徒,060,0,,,,03143,,,,
0117,恩,061,0,,,,03292,,,,
0118,恥,061,0,,,,03289,,,,
0119,忠,061,0,,,,03203,,,,
0120,恙,061,0,,,,03277,,,,
0121,怙,061,0,,,,03235,,,,
0122,悉,061,0,,,,03312,,,,
0123,忘,061,0,,,,03196,,,,
0124,悽,061,0,,,,03345,,,,
0125,恆,061,0,,,,03267,,,,
0126,慰,061,0,,,,03469,,,,
0127,恰,061,0,,,,03299,,,,
0128,愍,061,0,,,,03402,,,,
0129,惑,061,0,,,,03355,,,,
0130,慟,061,0,,,,03455,,,,
0131,慷,061,0,,,,03475,,,,
0132,憚,061,0,,,,03511,,,,
0133,慨,061,0,,,,03463,,,,
0134,戰,062,0,,,,03633,,,,
0135,戮,062,0,,,,03632,,,,
0136,截,062,0,,,,03628,,,,
0137,戻,063,0,,,,03645,,,,
0138,扶,064,0,,,,03686,,,,
0139,打,064,0,,,,03666,,,,
0140,推,064,0,,,,03880,,,,
0141,捨,064,0,,,,03835,,,,
0142,拜,064,0,,,,03761,,,,
0143,拭,064,0,,,,03765,,,,
0144,換,064,0,,,,03907,,,,
0145,捫,064,0,,,,03837,,,,
0146,捉,064,0,,,,03818,,,,
0147,斃,066,0,,,,04311,,,,
0148,改,066,0,,,,04228,,,,
0149,敬,066,0,,,,04286,,,,
0150,整,066,0,,,,04303,,,,
0151,斥,069,0,,,,04363,,,,
0152,斬,069,0,,,,04369,,,,
0153,施,070,0,,,,04391,,,,
0154,昵,072,0,,,,04518,,,,
0155,暴,072,0,,,,04608,,,,
0156,星,072,0,,,,04499,,,,
0157,晝,072,0,,,,04542,,,,
0158,服,074,0,,,,04679,,,,
0159,楫,075,0,,,,05150,,,,
0160,權,075,0,,,,05529,,,,
0161,14917,075,0,,,,14917,,,,
0162,梔,075,0,,,,04978,,,,
0163,板,075,0,,,,04781,,,,
0164,04825,075,0,,,,04825,,,,
0165,杖,075,0,,,,04743,,,,
0166,柱,075,0,,,,04871,,,,
0167,株,075,0,,,,04908,,,,
0168,東,075,0,,,,04765,,,,
0169,染,075,0,,,,04848,,,,
0170,柴,075,0,,,,04884,,,,
0171,柩,075,0,,,,04865,,,,
0172,楯,075,0,,,,05154,,,,
0173,橘,075,0,,,,05361,,,,
0174,條,075,0,,,,04984,,,,
0175,款,076,0,,,,05591,,,,
0176,欣,076,0,,,,05561,,,,
0177,止,077,0,,,,05641,,,,
0178,歩,077,0,,,,05645,,,,
0179,殆,078,0,,,,05707,,,,
0180,殊,078,0,,,,05717,,,,
0181,殘,078,0,,,,05737,,,,
0182,氏,083,0,,,,05932,,,,
0183,源,085,0,,,,06396,,,,
0184,淤,085,0,,,,06269,,,,
0185,流,085,0,,,,06151,,,,
0186,河,085,0,,,,06045,,,,
0187,洪,085,0,,,,06134,,,,
0188,洞,085,0,,,,06125,,,,
0189,泥,085,0,,,,06088,,,,
0190,渠,085,0,,,,06317,,,,
0191,洲,085,0,,,,06138,,,,
0192,漂,085,0,,,,06480,,,,
0193,沸,085,0,,,,06050,,,,
0194,渡,085,0,,,,06318,,,,
0195,渟,085,0,,,,06316,,,,
0196,瀛,085,0,,,,06704,,,,
0197,焦,086,0,,,,06874,,,,
0198,燒,086,0,,,,06978,,,,
0199,燃,086,0,,,,06969,,,,
0200,烏,086,0,,,,06835,,,,
0201,煙,086,0,,,,06901,,,,
0202,燼,086,0,,,,06997,,,,
0203,牆,090,0,,,,07047,,,,
0204,牙,092,0,,,,07065,,,,
0205,牽,093,0,,,,07087,,,,
0206,犢,093,0,,,,07106,,,,
0207,獵,094,0,,,,07244,,,,
0208,玄,095,0,,,,07256,,,,
0209,佩,009,0,,,,00263,,,,
0210,珥,096,0,,,,07294,,,,
0211,瓶,098,0,,,,07426,,,,
0212,甜,099,0,,,,07459,,,,
0213,申,102,0,,,,07481,,,,
0214,異,102,0,,,,07530,,,,
0215,畔,102,0,,,,07507,,,,
0216,發,105,0,,,,07707,,,,
0217,皮,107,0,,,,07739,,,,
0218,看,109,0,,,,07817,,,,
0219,睨,109,0,,,,07867,,,,
0220,直,109,0,,,,07799,,,,
0221,眼,109,0,,,,07843,,,,
0222,盾,109,0,,,,07806,,,,
0223,矩,111,0,,,,07944,,,,
0224,破,112,0,,,,07986,,,,
0225,碎,112,0,,,,08016,,,,
0226,祀,113,0,,,,08103,,,,
0227,祝,113,0,,,,08123,,,,
0228,祈,113,0,,,,08108,,,,
0229,祚,113,0,,,,08119,,,,
0230,禮,113,0,,,,08165,,,,
0231,穢,115,0,,,,08279,,,,
0232,窟,116,0,,,,08323,,,,
0233,竟,117,0,,,,08365,,,,
0234,豎,151,0,,,,11258,,,,
0235,箭,118,0,,,,08479,,,,
0236,粟,119,0,,,,08664,,,,
0237,繋,120,0,,,,09030,,,,
0238,縫,120,0,,,,08976,,,,
0239,總,120,0,,,,08993,,,,
0240,纏,120,0,,,,09064,,,,
0241,08744,120,0,,,,08744,,,,
0242,08762,120,0,,,,08762,,,,
0243,紀,120,0,,,,08735,,,,
0244,細,120,0,,,,08779,,,,
0245,罷,122,0,,,,09133,,,,
0246,羅,122,0,,,,09144,,,,
0247,羂,122,0,,,,09142,,,,
0248,義,123,0,,,,09177,,,,
0249,羣,123,0,,,,09175,,,,
0250,耀,124,0,,,,09249,,,,
0251,聽,128,0,,,,09335,,,,
0252,膝,130,0,,,,09541,,,,
0253,肩,130,0,,,,09370,,,,
0254,股,130,0,,,,09364,,,,
0255,肯,130,0,,,,09377,,,,
0256,脱,130,0,,,,09463,,,,
0257,脛,130,0,,,,09449,,,,
0258,腋,130,0,,,,09483,,,,
0259,臂,130,0,,,,09568,,,,
0260,臥,131,0,,,,09599,,,,
0261,臾,134,0,,,,09621,,,,
0262,09627,134,0,,,,09627,,,,
0263,舂,134,0,,,,09626,,,,
0264,苗,140,0,,,,09778,,,,
0265,菟,140,0,,,,09911,,,,
0266,薄,140,0,,,,10139,,,,
0267,薙,140,0,,,,10153,,,,
0268,藍,140,0,,,,10189,,,,
0269,螢,142,0,,,,10510,,,,
0270,蛇,142,0,,,,10349,,,,
0271,血,143,0,,,,10605,,,,
0272,術,144,0,,,,10618,,,,
0273,裏,145,0,,,,10703,,,,
0274,裔,145,0,,,,10708,,,,
0275,裳,145,0,,,,10724,,,,
0276,襁,145,0,,,,10773,,,,
0277,褸,145,0,,,,10766,,,,
0278,襤,145,0,,,,10798,,,,
0279,覽,147,0,,,,10857,,,,
0280,觀,147,0,,,,10859,,,,
0281,解,148,0,,,,10875,,,,
0282,訶,149,0,,,,10936,,,,
0283,詣,149,0,,,,10974,,,,
0284,謀,149,0,,,,11092,,,,
0285,識,149,0,,,,11171,,,,
0286,該,149,0,,,,10987,,,,
0287,謎,149,0,,,,11109,,,,
0288,諾,149,0,,,,11090,,,,
0289,11264,151,0,,,,11264,,,,
0290,赦,155,0,,,,11447,,,,
0291,赭,155,0,,,,11453,,,,
0292,11450,155,0,,,,11450,,,,
0293,超,156,0,,,,11467,,,,
0294,赴,156,0,,,,11457,,,,
0295,跳,157,0,,,,11553,,,,
0296,踞,157,0,,,,11580,,,,
0297,蹈,157,0,,,,11618,,,,
0298,踏,157,0,,,,11568,,,,
0299,踰,157,0,,,,11593,,,,
0300,躬,158,0,,,,11716,,,,
0301,輒,159,0,,,,11799,,,,
0302,轉,159,0,,,,11856,,,,
0303,辛,160,0,,,,11893,,,,
0304,辜,160,0,,,,11896,,,,
0305,遷,162,0,,,,12093,,,,
0306,迹,162,0,,,,11976,,,,
0307,逆,162,0,,,,11986,,,,
0308,逃,162,0,,,,11984,,,,
0309,追,162,0,,,,11979,,,,
0310,過,162,0,,,,12046,,,,
0311,廻,054,0,,,,03008,,,,
0312,逮,162,0,,,,12019,,,,
0313,退,162,0,,,,11982,,,,
0314,逶,162,0,,,,12025,,,,
0315,遇,162,0,,,,12040,,,,
0316,遙,162,0,,,,12062,,,,
0317,選,162,0,,,,12095,,,,
0318,遨,162,0,,,,12077,,,,
0319,遭,162,0,,,,12082,,,,
0320,違,162,0,,,,12054,,,,
0321,醤,164,0,,,,12342,,,,
0322,釀,164,0,,,,12360,,,,
0323,酌,164,0,,,,12262,,,,
0324,醜,164,0,,,,12327,,,,
0325,酒,164,0,,,,12266,,,,
0326,里,166,0,,,,12372,,,,
0327,鋒,167,0,,,,12485,,,,
0328,鍜,167,0,,,,12544,,,,
0329,金,167,0,,,,12380,,,,
0330,鏑,167,0,,,,12601,,,,
0331,鍾,167,0,,,,12563,,,,
0332,閑,169,0,,,,12722,,,,
0333,闕,169,0,,,,12783,,,,
0334,閉,169,0,,,,12714,,,,
0335,闥,169,0,,,,12800,,,,
0336,陰,170,0,,,,12862,,,,
0337,隅,170,0,,,,12883,,,,
0338,陛,170,0,,,,12847,,,,
0339,隆,170,0,,,,12886,,,,
0340,雀,172,0,,,,12955,,,,
0341,隼,172,0,,,,12951,,,,
0342,雌,172,0,,,,12971,,,,
0343,難,172,0,,,,13002,,,,
0344,面,176,0,,,,13108,,,,
0345,鞆,177,0,,,,13151,,,,
0346,靭,177,0,,,,13124,,,,
0347,音,180,0,,,,13281,,,,
0348,類,181,0,,,,13398,,,,
0349,領,181,0,,,,13327,,,,
0350,預,181,0,,,,13313,,,,
0351,頸,181,0,,,,13355,,,,
0352,頃,181,0,,,,13297,,,,
0353,食,184,0,,,,13503,,,,
0354,飮,184,0,,,,13526,,,,
0355,飫,184,0,,,,13521,,,,
0356,饉,184,0,,,,13630,,,,
0357,餌,184,0,,,,13552,,,,
0358,餓,184,0,,,,13559,,,,
0359,飢,184,0,,,,13508,,,,
0360,餘,184,0,,,,13565,,,,
0361,驗,187,0,,,,13849,,,,
0363,騰,187,0,,,,13820,,,,
0364,魔,194,0,,,,14088,,,,
0365,鯔,195,0,,,,14207,,,,
0366,鷲,196,0,,,,14576,,,,
0367,14659,198,0,,,,14659,,,,
0368,麻,200,0,,,,14681,,,,
0369,黨,203,0,,,,14730,,,,
0370,龍,212,0,,,,14876,,,,
0371,龜,213,0,,,,14887,,,,
0372-0373,一,001,1,64,,,00001,,,,
0374,世,001,1,9,,,00025,,,,
0375-0376,不,001,1,73,,,00013,,,,
0377,七,001,1,3,,,00004,,,,
0378,上,001,1,28,,,00008,,,,
0379,下,001,1,16,,,00009,,,,
0380,三,001,1,19,,,00007,,,,
0381,且,001,1,12,,,00020,,,,
0382,中,002,1,36,,,00051,,,,
0383,主,003,1,21,,,00070,,,,
0384-0391,之,004,1,355,,,00088,,,,
0392-0393,乃,004,1,62,,,00078,,,,
0394,久,004,1,12,,,00085,,,,
0395,乎,004,1,20,,,00092,,,,
0396-0397,也,005,1,67,,,00109,,,,
0398,乘,004,1,4,,,00102,,,,
0399,乞,005,1,3,,,00108,,,,
0400,乳,005,1,4,,,00113,,,,
0401,事,006,1,23,,,00128,,,,
0402,二,007,1,23,,,00129,,,,
0403,五,007,1,14,,,00135,,,,
0404,云,007,1,44,,,00133,,,,
0405,井,007,1,9,,,00136,,,,
0406,于,007,1,20,,,00132,,,,
0407,亡,008,1,3,,,00150,,,,
0408,亦,008,1,32,,,00154,,,,
0409,今,009,1,28,,,00175,,,,
0410,作,009,1,26,,,00256,,,,
0411,伊,009,1,7,,,00213,,,,
0412-0414,以,009,1,138,,,00194,,,,
0415,令,009,1,8,,,00193,,,,
0416,代,009,1,10,,,00192,,,,
0417,何,009,1,27,,,00250,,,,
0418,供,009,1,4,,,00299,,,,
0419,企,009,1,5,,,00209,,,,
0420,仍,009,1,4,,,00177,,,,
0421,便,009,1,8,,,00321,,,,
0422,侍,009,1,6,,,00288,,,,
0423,依,009,1,11,,,00301,,,,
0424,但,009,1,3,,,00240,,,,
0425,他,009,1,2,,,00183,,,,
0426,俳,009,1,4,,,00351,,,,
0427,伏,009,1,7,,,00217,,,,
0428,僉,009,1,4,,,00483,,,,
0429,倚,009,1,2,,,00378,,,,
0430,住,009,1,8,,,00245,,,,
0431,候,009,1,2,,,00369,,,,
0432,人,009,1,37,,,00168,,,,
0433,00260,009,1,3,,,00260,,,,
0434,俯,009,1,2,,,00349,,,,
0435,傾,009,1,3,,,00475,,,,
0436,倒,009,1,3,,,00373,,,,
0437,儀,009,1,2,,,00516,,,,
0438,佐,009,1,2,,,00246,,,,
0439,徨,060,1,2,,,03158,,,,
0440,彷,060,1,2,,,03121,,,,
0441,使,009,1,21,,,00279,,,,
0442,仰,009,1,4,,,00199,,,,
0443,優,009,1,3,,,00542,,,,
0444,傍,009,1,2,,,00449,,,,
0445,似,009,1,2,,,00235,,,,
0446,余,009,1,7,,,00253,,,,
0447,休,009,1,2,,,00219,,,,
0448-0449,兄,010,1,52,,,00561,,,,
0450-0451,兒,010,1,64,,,00574,,,,
0452,先,010,1,19,,,00566,,,,
0453,光,010,1,4,,,00567,,,,
0454,内,011,1,12,,,00585,,,,
0455,入,011,1,25,,,00582,,,,
0456,全,011,1,2,,,00589,,,,
0457,兩,011,1,3,,,00591,,,,
0458-0459,其,012,1,100,,,00605,,,,
0460,八,012,1,38,,,00594,,,,
0461,具,012,1,5,,,00606,,,,
0462,共,012,1,6,,,00599,,,,
0463,兼,012,1,4,,,00613,,,,
0464,凡,016,1,6,,,00701,,,,
0465-0466,出,017,1,71,,,00723,,,,
0467,刀,018,1,4,,,00729,,,,
0468,分,018,1,3,,,00734,,,,
0469-0470,則,018,1,71,,,00789,,,,
0471,到,018,1,21,,,00769,,,,
0472,別,018,1,8,,,00763,,,,
0473,前,018,1,13,,,00794,,,,
0474,利,018,1,12,,,00767,,,,
0475,劍,018,1,5,,,00843,,,,
0476,副,018,1,3,,,00818,,,,
0477,制,018,1,2,,,00776,,,,
0478,初,018,1,5,,,00759,,,,
0479,勝,019,1,18,,,00893,,,,
0480,00884,019,1,19,,,00884,,,,
0481,加,019,1,4,,,00858,,,,
0482,勢,019,1,3,,,00898,,,,
0483,勿,020,1,10,,,00919,,,,
0484,化,021,1,4,,,00938,,,,
0485,十,024,1,18,,,00985,,,,
0486,千,024,1,15,,,00987,,,,
0487,卜,025,1,2,,,01019,,,,
0488,占,025,1,2,,,01022,,,,
0489,即,026,1,36,,,01049,,,,
0490,危,026,1,2,,,01035,,,,
0491,原,027,1,18,,,01074,,,,
0492,去,028,1,19,,,01101,,,,
0493,及,029,1,28,,,01111,,,,
0494,反,029,1,2,,,01116,,,,
0495,又,029,1,18,,,01108,,,,
0496,友,029,1,4,,,01112,,,,
0497,取,029,1,14,,,01127,,,,
0498,受,029,1,6,,,01128,,,,
0499,唯,030,1,4,,,01349,,,,
0500,口,030,1,17,,,01141,,,,
0501,喜,030,1,3,,,01412,,,,
0502,向,030,1,11,,,01179,,,,
0503,合,030,1,9,,,01170,,,,
0504,名,030,1,23,,,01175,,,,
0505-0506,命,030,1,76,,,01252,,,,
0507,善,030,1,4,,,01395,,,,
0508,嘗,030,1,3,,,01479,,,,
0509,哀,030,1,3,,,01295,,,,
0510,同,030,1,3,,,01174,,,,
0511,問,030,1,39,,,01369,,,,
0512,吟,030,1,4,,,01188,,,,
0513,君,030,1,11,,,01185,,,,
0514,呼,030,1,3,,,01251,,,,
0515,各,030,1,2,,,01168,,,,
0516,味,030,1,9,,,01242,,,,
0517,哭,030,1,4,,,01323,,,,
0518,可,030,1,28,,,01154,,,,
0519,哉,030,1,6,,,01305,,,,
0520,告,030,1,6,,,01219,,,,
0521,和,030,1,5,,,01263,,,,
0522-0523,吾,030,1,89,,,01217,,,,
0524,唾,030,1,2,,,01359,,,,
0525,嘲,030,1,4,,,01487,,,,
0526,呑,030,1,2,,,01187,,,,
0527,召,030,1,10,,,01150,,,,
0528,嗣,030,1,5,,,01452,,,,
0529,喧,030,1,2,,,01420,,,,
0530,咫,030,1,3,,,01279,,,,
0531,嘯,030,1,3,,,01484,,,,
0532,因,031,1,41,,,01611,,,,
0533-0534,國,031,1,62,,,01639,,,,
0535,固,031,1,2,,,01627,,,,
0536,四,031,1,2,,,01607,,,,
0537,困,031,1,3,,,01623,,,,
0538,地,032,1,15,,,01666,,,,
0539,在,032,1,29,,,01659,,,,
0540,坐,032,1,6,,,01682,,,,
0541,坂,032,1,2,,,01672,,,,
0542,土,032,1,5,,,01654,,,,
0543,報,032,1,15,,,01796,,,,
0544,垂,032,1,2,,,01710,,,,
0545,垢,032,1,2,,,01726,,,,
0546,堅,032,1,3,,,01767,,,,
0547,塗,032,1,2,,,01818,,,,
0548,壯,033,1,3,,,01905,,,,
0549,夜,036,1,15,,,01939,,,,
0550,多,036,1,11,,,01938,,,,
0551-0555,天,037,1,210,,,01947,,,,
0556-0557,大,037,1,52,,,01946,,,,
0558,太,037,1,9,,,01948,,,,
0559,夫,037,1,4,,,01949,,,,
0560,失,037,1,7,,,01957,,,,
0561,奉,037,1,29,,,01974,,,,
0562,奇,037,1,2,,,01972,,,,
0563,奈,037,1,5,,,01973,,,,
0564-0565,女,038,1,53,,,02022,,,,
0566,妻,038,1,10,,,02061,,,,
0567,妾,038,1,20,,,02062,,,,
0568,娶,038,1,10,,,02134,,,,
0569,妃,038,1,6,,,02032,,,,
0570-0571,姫,038,1,69,,,02108,,,,
0572,如,038,1,24,,,02031,,,,
0573,始,038,1,4,,,02069,,,,
0574,妹,038,1,5,,,02059,,,,
0575,娠,038,1,8,,,02122,,,,
0576,委,038,1,2,,,02078,,,,
0577,姉,038,1,2,,,02068,,,,
0578,奴,038,1,3,,,02024,,,,
0579,婢,038,1,2,,,02151,,,,
0580,娜,038,1,3,,,02119,,,,
0581,婦,038,1,2,,,02155,,,,
0582-0583,子,039,1,54,,,02262,,,,
0584-0585,孫,039,1,84,,,02282,,,,
0586,孕,039,1,2,,,02265,,,,
0587,寶,040,1,5,,,02407,,,,
0588,實,040,1,5,,,02390,,,,
0589,完,040,1,3,,,02313,,,,
0590,安,040,1,3,,,02309,,,,
0591,害,040,1,5,,,02346,,,,
0592,宮,040,1,16,,,02342,,,,
0593,室,040,1,8,,,02332,,,,
0594,宜,040,1,16,,,02327,,,,
0595,客,040,1,5,,,02331,,,,
0596,容,040,1,7,,,02352,,,,
0597,定,040,1,7,,,02325,,,,
0598-0600,尊,041,1,115,,,02429,,,,
0601,尋,041,1,12,,,02430,,,,
0602,將,041,1,25,,,02425,,,,
0603,對,041,1,23,,,02435,,,,
0604,射,041,1,7,,,02422,,,,
0605,小,042,1,9,,,02439,,,,
0606,少,042,1,5,,,02440,,,,
0607,就,043,1,8,,,02464,,,,
0608,屋,044,1,20,,,02488,,,,
0609,居,044,1,14,,,02482,,,,
0610,尾,044,1,2,,,02478,,,,
0611,屡,044,1,5,,,02504,,,,
0612,山,046,1,27,,,02528,,,,
0613,崩,046,1,3,,,02640,,,,
0614,峯,046,1,6,,,02589,,,,
0615,崇,046,1,3,,,02607,,,,
0616,岐,046,1,3,,,02540,,,,
0617,川,047,1,5,,,02762,,,,
0618,左,048,1,2,,,02774,,,,
0619,已,049,1,25,,,02783,,,,
0620,己,049,1,13,,,02782,,,,
0621,幡,050,1,16,,,02881,,,,
0622,帥,050,1,2,,,02828,,,,
0623,常,050,1,3,,,02847,,,,
0624,帶,050,1,6,,,02846,,,,
0625,席,050,1,2,,,02839,,,,
0626,幸,051,1,25,,,02903,,,,
0627,年,051,1,6,,,02900,,,,
0628,平,051,1,20,,,02899,,,,
0629,底,053,1,2,,,02932,,,,
0630,廣,053,1,3,,,02993,,,,
0631,座,053,1,3,,,02946,,,,
0632,床,053,1,10,,,02924,,,,
0633,庭,053,1,2,,,02952,,,,
0634,延,054,1,4,,,03005,,,,
0635,弓,057,1,10,,,03042,,,,
0636,引,057,1,2,,,03044,,,,
0637,張,057,1,2,,,03065,,,,
0638,彌,057,1,4,,,03084,,,,
0639,弟,057,1,41,,,03052,,,,
0640,強,057,1,2,,,03066,,,,
0641,弔,057,1,4,,,03043,,,,
0642-0644,彦,059,1,108,,,03106,,,,
0645,影,059,1,2,,,03116,,,,
0646,往,060,1,14,,,03128,,,,
0647,徑,060,1,4,,,03142,,,,
0648,待,060,1,6,,,03132,,,,
0649,得,060,1,18,,,03145,,,,
0650,從,060,1,17,,,03151,,,,
0651,復,060,1,32,,,03159,,,,
0652,徳,060,1,2,,,03172,,,,
0653,彼,060,1,14,,,03124,,,,
0654,後,060,1,21,,,03138,,,,
0655,慍,061,1,2,,,03410,,,,
0656,惱,061,1,3,,,03372,,,,
0657,心,061,1,10,,,03179,,,,
0658,必,061,1,15,,,03180,,,,
0659,悲,061,1,2,,,03335,,,,
0660,忍,061,1,12,,,03184,,,,
0661,忽,061,1,6,,,03219,,,,
0662,息,061,1,6,,,03298,,,,
0663,慙,061,1,4,,,03453,,,,
0664,急,061,1,5,,,03243,,,,
0665,患,061,1,3,,,03329,,,,
0666,愁,061,1,4,,,03387,,,,
0667,意,061,1,6,,,03395,,,,
0668,忌,061,1,2,,,03183,,,,
0669,懃,061,1,2,,,03544,,,,
0670,情,061,1,4,,,03348,,,,
0671,恨,061,1,9,,,03291,,,,
0672,志,061,1,4,,,03194,,,,
0673,思,061,1,6,,,03239,,,,
0674,忿,061,1,5,,,03220,,,,
0675,悔,061,1,2,,,03320,,,,
0676,憶,061,1,3,,,03534,,,,
0677,憂,061,1,8,,,03486,,,,
0678,愛,061,1,3,,,03405,,,,
0679,怒,061,1,4,,,03229,,,,
0680,應,061,1,2,,,03550,,,,
0681,慮,061,1,2,,,03466,,,,
0682,惟,061,1,2,,,03365,,,,
0683,怪,061,1,2,,,03248,,,,
0684,惡,061,1,6,,,03367,,,,
0685,懷,061,1,3,,,03585,,,,
0686,怜,061,1,4,,,03238,,,,
0687,憐,061,1,4,,,03499,,,,
0688,慇,061,1,2,,,03438,,,,
0689,我,062,1,31,,,03611,,,,
0690,成,062,1,3,,,03610,,,,
0691,或,062,1,3,,,03617,,,,
0692,戸,063,1,6,,,03640,,,,
0693,所,063,1,46,,,03647,,,,
0694,持,064,1,13,,,03780,,,,
0695,手,064,1,15,,,03659,,,,
0696,播,064,1,10,,,04069,,,,
0697,排,064,1,6,,,03862,,,,
0698,握,064,1,2,,,03911,,,,
0699,撥,064,1,3,,,04062,,,,
0700,披,064,1,2,,,03715,,,,
0701,招,064,1,2,,,03758,,,,
0702,投,064,1,5,,,03708,,,,
0703,授,064,1,10,,,03855,,,,
0704,掌,064,1,3,,,03858,,,,
0705,損,064,1,2,,,03939,,,,
0706,折,064,1,10,,,03711,,,,
0707,抱,064,1,2,,,03720,,,,
0708,抑,064,1,3,,,03704,,,,
0709,03751,064,1,6,,,03751,,,,
0710,據,064,1,4,,,04106,,,,
0711,探,064,1,5,,,03874,,,,
0712,攀,064,1,2,,,04146,,,,
0713,拔,064,1,3,,,03750,,,,
0714,教,066,1,12,,,04261,,,,
0715,數,066,1,4,,,04298,,,,
0716,救,066,1,4,,,04263,,,,
0717,敢,066,1,3,,,04277,,,,
0718,放,066,1,5,,,04233,,,,
0719-0720,故,066,1,83,,,04243,,,,
0721,斫,069,1,2,,,04368,,,,
0722,新,069,1,4,,,04376,,,,
0723,方,070,1,7,,,04385,,,,
0724-0725,於,070,1,79,,,04389,,,,
0726,既,071,1,14,,,04442,,,,
0727-0729,時,072,1,117,,,04523,,,,
0730-0731,是,072,1,97,,,04512,,,,
0732,日,072,1,45,,,04446,,,,
0733,明,072,1,13,,,04485,,,,
0734,昇,072,1,5,,,04480,,,,
0735,映,072,1,3,,,04500,,,,
0736,昔,072,1,3,,,04490,,,,
0737,易,072,1,4,,,04489,,,,
0738,智,072,1,5,,,04569,,,,
0739-0742,曰,073,1,177,,,04650,,,,
0743,更,073,1,4,,,04654,,,,
0744,會,073,1,4,,,04667,,,,
0745,曾,073,1,2,,,04661,,,,
0746,曲,073,1,4,,,04651,,,,
0747,書,073,1,16,,,04657,,,,
0748-0749,有,074,1,84,,,04674,,,,
0750,望,074,1,2,,,04693,,,,
0751,月,074,1,3,,,04673,,,,
0752,朋,074,1,2,,,04676,,,,
0753,期,074,1,3,,,04699,,,,
0754,杜,075,1,8,,,04747,,,,
0755,槌,075,1,5,,,05236,,,,
0756,樂,075,1,3,,,05279,,,,
0757,木,075,1,11,,,04707,,,,
0758,机,075,1,2,,,04723,,,,
0759,林,075,1,2,,,04803,,,,
0760,未,075,1,6,,,04711,,,,
0761,末,075,1,3,,,04712,,,,
0762,杪,075,1,3,,,04758,,,,
0763,樹,075,1,17,,,05323,,,,
0764,枝,075,1,2,,,04807,,,,
0765,植,075,1,2,,,05080,,,,
0766,果,075,1,5,,,04806,,,,
0767,根,075,1,17,,,04922,,,,
0768,橋,075,1,7,,,05348,,,,
0769,杵,075,1,19,,,04769,,,,
0770,横,075,1,3,,,05381,,,,
0771,本,075,1,12,,,04713,,,,
0772,棄,075,1,5,,,05014,,,,
0773,樓,075,1,2,,,05293,,,,
0774,櫛,075,1,3,,,05471,,,,
0775,05266,075,1,6,,,05266,,,,
0776,栲,075,1,6,,,04915,,,,
0777,歌,076,1,13,,,05609,,,,
0778,歟,076,1,10,,,05633,,,,
0779,欲,076,1,20,,,05580,,,,
0780,次,076,1,30,,,05558,,,,
0781,歎,076,1,2,,,05612,,,,
0782,歸,077,1,13,,,05676,,,,
0783,正,077,1,6,,,05643,,,,
0784-0785,此,077,1,87,,,05644,,,,
0786,武,077,1,10,,,05649,,,,
0787,死,078,1,6,,,05686,,,,
0788,殯,078,1,2,,,05777,,,,
0789,殿,079,1,4,,,05809,,,,
0790,母,080,1,10,,,05834,,,,
0791,毎,080,1,2,,,05836,,,,
0792,比,081,1,6,,,05841,,,,
0793,毛,082,1,5,,,05850,,,,
0794,民,083,1,2,,,05935,,,,
0795,氣,084,1,2,,,05947,,,,
0796,水,085,1,6,,,05952,,,,
0797,湯,085,1,6,,,06381,,,,
0798,汀,085,1,7,,,05962,,,,
0799,汝,085,1,48,,,05983,,,,
0800-0801,海,085,1,74,,,06182,,,,
0802,津,085,1,45,,,06128,,,,
0803,濤,085,1,3,,,06645,,,,
0804,滿,085,1,7,,,06476,,,,
0805,溺,085,1,8,,,06422,,,,
0806,汲,085,1,5,,,05996,,,,
0807,深,085,1,3,,,06285,,,,
0808,活,085,1,3,,,06145,,,,
0809,瀬,085,1,7,,,06713,,,,
0810,渚,085,1,3,,,06312,,,,
0811,泣,085,1,2,,,06087,,,,
0812,濃,085,1,2,,,06611,,,,
0813,沒,085,1,5,,,06023,,,,
0814,漬,085,1,3,,,06507,,,,
0815,波,085,1,12,,,06086,,,,
0816,浮,085,1,8,,,06175,,,,
0817,添,085,1,2,,,06294,,,,
0818,治,085,1,9,,,06055,,,,
0819,濱,085,1,8,,,06658,,,,
0820,法,085,1,2,,,06074,,,,
0821,溢,085,1,5,,,06408,,,,
0822,浪,085,1,2,,,06173,,,,
0823,渉,085,1,2,,,06193,,,,
0824,06150,085,1,2,,,06150,,,,
0825,滅,085,1,2,,,06432,,,,
0826,涸,085,1,10,,,06227,,,,
0827,瀲,085,1,7,,,06723,,,,
0828,沈,085,1,3,,,06015,,,,
0829,永,085,1,4,,,05957,,,,
0830,求,085,1,3,,,05964,,,,
0831,潮,085,1,23,,,06554,,,,
0832-0834,火,086,1,114,,,06776,,,,
0835,06956,086,1,2,,,06956,,,,
0836,照,086,1,15,,,06918,,,,
0837,熊,086,1,4,,,06939,,,,
0838,無,086,1,22,,,06872,,,,
0839,然,086,1,21,,,06885,,,,
0840,熱,086,1,2,,,06957,,,,
0841,06947,086,1,2,,,06947,,,,
0842,炎,086,1,3,,,06801,,,,
0843,焚,086,1,2,,,06867,,,,
0844,焉,086,1,25,,,06861,,,,
0845-0846,爲,087,1,58,,,07032,,,,
0847,父,088,1,13,,,07035,,,,
0848,特,093,1,2,,,07086,,,,
0849,物,093,1,5,,,07080,,,,
0850,状,094,1,6,,,07122,,,,
0851,狹,094,1,18,,,07162,,,,
0852,猶,094,1,10,,,07203,,,,
0853,獨,094,1,3,,,07230,,,,
0854,猿,094,1,6,,,07207,,,,
0855,獲,094,1,2,,,07241,,,,
0856,狗,094,1,2,,,07139,,,,
0857,王,096,1,7,,,07262,,,,
0858-0859,玉,096,1,53,,,07261,,,,
0860,瓊,096,1,37,,,07394,,,,
0861,瓏,096,1,2,,,07395,,,,
0862,理,096,1,3,,,07307,,,,
0863,玲,096,1,2,,,07275,,,,
0864,瑞,096,1,2,,,07346,,,,
0865,甍,098,1,2,,,07444,,,,
0866,甕,098,1,6,,,07452,,,,
0867,甚,099,1,5,,,07457,,,,
0868,生,100,1,45,,,07461,,,,
0869,産,100,1,41,,,07464,,,,
0870,用,101,1,7,,,07469,,,,
0871,田,102,1,34,,,07478,,,,
0872,留,102,1,9,,,07508,,,,
0873-0874,當,102,1,51,,,07535,,,,
0875,畏,102,1,2,,,07503,,,,
0876,男,102,1,4,,,07483,,,,
0877,由,102,1,3,,,07479,,,,
0878,05845,081,1,2,,,05845,,,,
0879,疏,103,1,2,,,07557,,,,
0880,疑,103,1,5,,,07559,,,,
0881,疾,104,1,5,,,07591,,,,
0882,癡,104,1,2,,,07685,,,,
0883,登,105,1,6,,,07706,,,,
0884,白,106,1,9,,,07709,,,,
0885-0886,皇,106,1,69,,,07718,,,,
0887,百,106,1,8,,,07710,,,,
0888,皆,106,1,7,,,07717,,,,
0889,盛,108,1,5,,,07770,,,,
0890,盧,108,1,2,,,07785,,,,
0891,盡,108,1,3,,,07779,,,,
0892,益,108,1,3,,,07759,,,,
0893,眞,109,1,7,,,07827,,,,
0894,衆,109,1,3,,,07844,,,,
0895,目,109,1,12,,,07790,,,,
0896,相,109,1,14,,,07801,,,,
0897,矛,110,1,4,,,07929,,,,
0898,知,111,1,16,,,07941,,,,
0899,矢,111,1,24,,,07937,,,,
0900,矣,111,1,31,,,07938,,,,
0901,短,111,1,2,,,07948,,,,
0902,石,112,1,6,,,07954,,,,
0903,磐,112,1,21,,,08047,,,,
0904,磨,112,1,7,,,08057,,,,
0905,碕,112,1,5,,,08023,,,,
0906-0910,神,113,1,203,,,08124,,,,
0911,祇,113,1,8,,,08107,,,,
0912,祖,113,1,12,,,08117,,,,
0913,禦,113,1,3,,,08159,,,,
0914,禰,113,1,4,,,08166,,,,
0915,祭,113,1,2,,,08135,,,,
0916,穗,115,1,23,,,08273,,,,
0917,秀,115,1,2,,,08179,,,,
0918,秋,115,1,2,,,08187,,,,
0919,稚,115,1,28,,,08233,,,,
0920,移,115,1,2,,,08212,,,,
0921,稜,115,1,4,,,08235,,,,
0922,私,115,1,3,,,08180,,,,
0923,稱,115,1,8,,,08248,,,,
0924,種,115,1,2,,,08244,,,,
0925,空,116,1,4,,,08296,,,,
0926,窮,116,1,3,,,08329,,,,
0927,立,117,1,13,,,08354,,,,
0928,竊,116,1,2,,,08353,,,,
0929,端,117,1,2,,,08376,,,,
0930,竹,118,1,8,,,08382,,,,
0931,笠,118,1,4,,,08404,,,,
0932,籠,118,1,6,,,08619,,,,
0933,箕,118,1,2,,,08468,,,,
0934,籬,118,1,3,,,08631,,,,
0935,等,118,1,15,,,08426,,,,
0936,筑,118,1,3,,,08434,,,,
0937,箇,118,1,10,,,08461,,,,
0938,答,118,1,2,,,08437,,,,
0939,筒,118,1,3,,,08435,,,,
0940,笑,118,1,2,,,08396,,,,
0941,紫,120,1,3,,,08773,,,,
0942,縁,120,1,12,,,08924,,,,
0943,結,120,1,2,,,08807,,,,
0944,經,120,1,11,,,08856,,,,
0945,素,120,1,5,,,08765,,,,
0946,綿,120,1,2,,,08899,,,,
0947,絶,120,1,4,,,08809,,,,
0948,繩,120,1,2,,,09028,,,,
0949,終,120,1,3,,,08795,,,,
0950,織,120,1,2,,,09012,,,,
0951,罪,122,1,2,,,09125,,,,
0952,置,122,1,7,,,09128,,,,
0953,美,123,1,12,,,09155,,,,
0954,羽,124,1,6,,,09195,,,,
0955,翁,124,1,11,,,09201,,,,
0956-0958,者,125,1,102,,,09255,,,,
0959,老,125,1,12,,,09250,,,,
0960-0962,而,126,1,120,,,09264,,,,
0963,耐,126,1,4,,,09267,,,,
0964,耜,127,1,9,,,09278,,,,
0965,聞,128,1,11,,,09315,,,,
0966,耶,128,1,21,,,09292,,,,
0967,聲,128,1,4,,,09328,,,,
0968,能,130,1,17,,,09429,,,,
0969,背,130,1,6,,,09394,,,,
0970,胸,130,1,8,,,09425,,,,
0971,胤,130,1,7,,,09413,,,,
0972,臍,130,1,2,,,09577,,,,
0973,腰,130,1,2,,,09508,,,,
0974,臨,131,1,8,,,09601,,,,
0975,臣,131,1,2,,,09596,,,,
0976,自,132,1,35,,,09602,,,,
0977,至,133,1,25,,,09610,,,,
0978,臺,133,1,2,,,09617,,,,
0979,致,133,1,8,,,09611,,,,
0980,與,134,1,23,,,09629,,,,
0981,擧,134,1,7,,,09632,,,,
0982,船,137,1,4,,,09675,,,,
0983,良,138,1,2,,,09714,,,,
0984,色,139,1,4,,,09716,,,,
0985,花,140,1,6,,,09758,,,,
0986,芹,140,1,9,,,09764,,,,
0987,葦,140,1,26,,,09982,,,,
0988,蒼,140,1,2,,,10031,,,,
0989,蓋,140,1,4,,,10040,,,,
0990,葬,140,1,3,,,09985,,,,
0991,草,140,1,11,,,09846,,,,
0992,葉,140,1,3,,,09966,,,,
0993,落,140,1,5,,,09961,,,,
0994,茂,140,1,5,,,09807,,,,
0995,若,140,1,17,,,09788,,,,
0996,苦,140,1,6,,,09789,,,,
0997,著,140,1,3,,,09972,,,,
0998,華,140,1,2,,,09921,,,,
0999,萬,140,1,9,,,09954,,,,
1000,處,141,1,19,,,10270,,,,
1001,虚,141,1,3,,,10272,,,,
1002,蠅,142,1,3,,,10563,,,,
1003,行,144,1,19,,,10614,,,,
1004,衢,144,1,3,,,10636,,,,
1005,裂,145,1,2,,,10698,,,,
1006,衣,145,1,2,,,10637,,,,
1007,衰,145,1,2,,,10649,,,,
1008,襲,145,1,3,,,10806,,,,
1009,裹,145,1,4,,,10729,,,,
1010,衾,145,1,5,,,10658,,,,
1011,襃,145,1,3,,,10774,,,,
1012,西,146,1,2,,,10820,,,,
1013,覆,146,1,5,,,10826,,,,
1014-1015,見,147,1,69,,,10831,,,,
1016,覓,147,1,6,,,10834,,,,
1017,親,147,1,3,,,10848,,,,
1018,視,147,1,7,,,10837,,,,
1019,覘,147,1,2,,,10840,,,,
1020,觸,148,1,2,,,10887,,,,
1021,言,149,1,29,,,10890,,,,
1022,謂,149,1,20,,,11095,,,,
1023,諸,149,1,12,,,11085,,,,
1024,誰,149,1,9,,,11028,,,,
1025,語,149,1,5,,,11017,,,,
1026,訪,149,1,4,,,10925,,,,
1027,計,149,1,4,,,10896,,,,
1028,請,149,1,14,,,11049,,,,
1029,誠,149,1,3,,,11018,,,,
1030,誓,149,1,4,,,11008,,,,
1031,試,149,1,5,,,10975,,,,
1032,誅,149,1,2,,,10999,,,,
1033,誨,149,1,2,,,11024,,,,
1034,訖,149,1,6,,,10912,,,,
1035,誤,149,1,4,,,11020,,,,
1036,護,149,1,2,,,11200,,,,
1037,許,149,1,2,,,10930,,,,
1038,誥,149,1,4,,,11022,,,,
1039,詛,149,1,2,,,10965,,,,
1040,譽,149,1,5,,,11205,,,,
1041,設,149,1,5,,,10928,,,,
1042,谷,150,1,2,,,11234,,,,
1043,豆,151,1,6,,,11250,,,,
1044,豈,151,1,5,,,11253,,,,
1045,豐,151,1,30,,,11261,,,,
1046,豫,152,1,3,,,11283,,,,
1047,貌,153,1,4,,,11311,,,,
1048,貴,154,1,11,,,11355,,,,
1049,責,154,1,5,,,11344,,,,
1050,貧,154,1,7,,,11338,,,,
1051,賜,154,1,9,,,11393,,,,
1052,賊,154,1,2,,,11377,,,,
1053,貳,154,1,2,,,11354,,,,
1054,贈,154,1,3,,,11429,,,,
1055,赤,155,1,10,,,11445,,,,
1056,走,156,1,3,,,11454,,,,
1057,起,156,1,13,,,11461,,,,
1058,躡,157,1,4,,,11708,,,,
1059,路,157,1,3,,,11548,,,,
1060,足,157,1,6,,,11495,,,,
1061,11614,157,1,2,,,11614,,,,
1062,踉,157,1,2,,,11564,,,,
1063,身,158,1,8,,,11715,,,,
1064,載,159,1,3,,,11795,,,,
1065,輔,159,1,5,,,11801,,,,
1066,軻,159,1,2,,,11782,,,,
1067,辭,160,1,6,,,11914,,,,
1068,辱,161,1,6,,,11918,,,,
1069,通,162,1,2,,,12000,,,,
1070,途,162,1,2,,,11995,,,,
1071,迎,162,1,4,,,11947,,,,
1072,逢,162,1,2,,,12009,,,,
1073,邊,162,1,10,,,12115,,,,
1074,遠,162,1,7,,,12070,,,,
1075,迅,162,1,2,,,11937,,,,
1076,遂,162,1,18,,,12037,,,,
1077,遊,162,1,11,,,12042,,,,
1078,返,162,1,2,,,11951,,,,
1079,遣,162,1,22,,,12074,,,,
1080,還,162,1,32,,,12108,,,,
1081,遵,162,1,4,,,12091,,,,
1082,避,162,1,12,,,12103,,,,
1083,道,162,1,6,,,12051,,,,
1084,速,162,1,9,,,12003,,,,
1085,達,162,1,4,,,12052,,,,
1086,造,162,1,9,,,12004,,,,
1087,連,162,1,7,,,12010,,,,
1088,進,162,1,11,,,12022,,,,
1089,送,162,1,6,,,11983,,,,
1090,邏,162,1,3,,,12120,,,,
1091,逼,162,1,3,,,12030,,,,
1092,12223,163,1,4,,,12223,,,,
1093,郷,163,1,7,,,12205,,,,
1094,都,163,1,3,,,12188,,,,
1095,部,163,1,6,,,12176,,,,
1096,邪,163,1,2,,,12139,,,,
1097,酸,164,1,3,,,12302,,,,
1098,酢,164,1,7,,,12282,,,,
1099,配,164,1,5,,,12263,,,,
1100,重,166,1,10,,,12373,,,,
1101,野,166,1,9,,,12374,,,,
1102,針,167,1,2,,,12386,,,,
1103,鈿,167,1,9,,,12421,,,,
1104,鋪,167,1,2,,,12494,,,,
1105,釣,167,1,9,,,12388,,,,
1106,鉤,167,1,45,,,12441,,,,
1107,鈴,167,1,2,,,12418,,,,
1108,鏡,167,1,6,,,12613,,,,
1109,鋺,167,1,4,,,12497,,,,
1110,長,168,1,19,,,12698,,,,
1111,間,169,1,9,,,12724,,,,
1112,闌,169,1,4,,,12773,,,,
1113,門,169,1,8,,,12709,,,,
1114,開,169,1,5,,,12716,,,,
1115,隱,170,1,4,,,12935,,,,
1116,防,170,1,2,,,12822,,,,
1117,隈,170,1,2,,,12887,,,,
1118,降,170,1,34,,,12838,,,,
1119,陪,170,1,2,,,12859,,,,
1120,隔,170,1,2,,,12898,,,,
1121,陸,170,1,2,,,12870,,,,
1122,除,170,1,2,,,12855,,,,
1123,阿,170,1,10,,,12830,,,,
1124,陳,170,1,2,,,12864,,,,
1125,陀,170,1,3,,,12831,,,,
1126,離,172,1,5,,,13001,,,,
1127,雖,172,1,7,,,12991,,,,
1128,雉,172,1,14,,,12965,,,,
1129,雄,172,1,2,,,12961,,,,
1130,集,172,1,4,,,12963,,,,
1131,靈,173,1,28,,,13092,,,,
1132,露,173,1,4,,,13073,,,,
1133,雲,173,1,8,,,13020,,,,
1134,雨,173,1,2,,,13012,,,,
1135,非,175,1,11,,,13104,,,,
1136,響,180,1,2,,,13293,,,,
1137,順,181,1,6,,,13302,,,,
1138,頓,181,1,5,,,13316,,,,
1139,頭,181,1,3,,,13346,,,,
1140,顏,181,1,2,,,13380,,,,
1141,頗,181,1,2,,,13325,,,,
1142,顯,181,1,7,,,13416,,,,
1143,顧,181,1,2,,,13409,,,,
1144,須,181,1,7,,,13304,,,,
1145,願,181,1,2,,,13391,,,,
1146,風,182,1,13,,,13423,,,,
1147,飄,182,1,2,,,13479,,,,
1148,飛,183,1,2,,,13495,,,,
1149,飯,184,1,8,,,13527,,,,
1150,饌,184,1,2,,,13636,,,,
1151,饒,184,1,3,,,13641,,,,
1152,養,184,1,8,,,13551,,,,
1153,首,185,1,3,,,13661,,,,
1154,香,186,1,2,,,13667,,,,
1155,馬,187,1,2,,,13680,,,,
1156,馭,187,1,3,,,13681,,,,
1157,駿,187,1,2,,,13771,,,,
1158,驢,187,1,2,,,13864,,,,
1159,驅,187,2,2,1,,13839,,,,
1160,驚,187,1,3,,,13852,,,,
1161,13775,187,1,2,,,13775,,,,
1162,骨,188,1,2,,,13873,,,,
1163-1164,高,189,1,54,,,13940,,,,
1165,鬼,194,1,2,,,14061,,,,
1166,魚,195,1,13,,,14101,,,,
1167,14356,195,1,13,,,14356,,,,
1168,鰭,195,1,3,,,14279,,,,
1169,鯛,195,1,3,,,14213,,,,
1170,鳥,196,1,6,,,14361,,,,
1171,14537,196,1,7,,,14537,,,,
1172,鳴,196,1,3,,,14379,,,,
1173,14603,196,1,7,,,14603,,,,
1174,雁,172,1,2,,,12957,,,,
1175,鹽,197,1,5,,,14620,,,,
1176,鹿,198,1,16,,,14621,,,,
1177,麗,198,1,3,,,14645,,,,
1178,鼻,209,1,2,,,14809,,,,
1179,齋,210,1,8,,,14829,,,,
1180-1181,々,部外,1,98,,,00066,,,,
1182,來,009,2,21,18,,00282,,,,
1183,喪,030,2,5,5,,01430,,,,
1184,威,038,2,4,1,,02105,,,,
1185,屬,044,2,3,2,,02515,,,,
1186,御,060,2,8,3,,03153,,,,
1187,汚,085,2,2,1,,05979,,,,
1188,焔,086,2,1,1,,06882,,,,
1189,爾,089,2,8,1,,07043,,,,
1190,獸,094,2,2,1,,07248,,,,
1191,稻,115,2,5,3,,08256,,,,
1192,策,118,2,1,1,,08438,,,,
1193,耳,128,1,7,,,09290,,,,
1194,膂,130,2,2,1,,09522,,,,
1195,膩,130,2,2,1,,09548,,,,
1196,薦,140,1,2,,,10160,,,,
1197,被,145,2,1,1,,10683,,,,
1198,負,154,2,1,1,,11332,,,,
1199,迺,162,2,3,2,,11977,,,,
1200,隨,170,2,6,1,,12927,,,,
1201,陵,170,2,2,1,,12867,,,,
1202,葺,140,2,4,4,,09994,,,,
1203,號,141,3,16,12,3,10276,,,,
1501,篤,118,0,,,,08522,,,,
1502,茸,140,0,,,,09835,,,,