統合ID,文字,カード番号,字体数,例数,部首,,,,,,
00069,丹,0001,0,1,003,,,,,,
00118,乾,0002,0,1,005,,,,,,
00104,乙,0003,0,1,005,,,,,,
00405,假,0004,0,1,009,,,,,,
00176,介,0005,0,1,009,,,,,,
00258,佞,0006,0,1,009,,,,,,
00493,僕,0007,0,1,009,,,,,,
00455,備,0008,0,1,009,,,,,,
00173,仆,0009,0,1,009,,,,,,
00182,仕,0010,0,1,009,,,,,,
00206,任,0011,0,1,009,,,,,,
00244,低,0012,0,1,009,,,,,,
00230,伴,0013,0,1,009,,,,,,
00233,伺,0014,0,1,009,,,,,,
00382,借,0015,0,1,009,,,,,,
00236,伽,0016,0,1,009,,,,,,
00368,倍,0017,0,1,009,,,,,,
00345,信,0018,0,1,009,,,,,,
00238,佃,0019,0,1,009,,,,,,
00267,佳,0020,0,1,009,,,,,,
00360,俾,0021,0,1,009,,,,,,
00391,倫,0022,0,1,009,,,,,,
00325,俄,0023,0,1,009,,,,,,
00350,倶,0024,0,1,009,,,,,,
00471,債,0025,0,1,009,,,,,,
00264,00264,0026,0,1,009,,,,,,
00417,停,0027,0,1,009,,,,,,
00450,傑,0028,0,1,009,,,,,,
00616,冀,0029,0,1,012,,,,,,
00636,冒,0030,0,1,013,,,,,,
00696,凝,0031,0,1,015,,,,,,
00718,凶,0032,0,1,017,,,,,,
00735,切,0033,0,1,018,,,,,,
00736,刈,0034,0,1,018,,,,,,
00791,削,0035,0,1,018,,,,,,
00857,功,0036,0,1,019,,,,,,
00863,助,0037,0,1,019,,,,,,
00918,勾,0038,0,1,020,,,,,,
00932,匐,0039,0,1,020,,,,,,
00930,匍,0040,0,1,020,,,,,,
01004,卒,0041,0,1,024,,,,,,
01058,厄,0042,0,1,027,,,,,,
01068,厚,0043,0,1,027,,,,,,
01466,嘆,0044,0,1,030,,,,,,
01595,嚢,0045,0,1,030,,,,,,
01373,啓,0046,0,1,030,,,,,,
01143,句,0047,0,1,030,,,,,,
01189,吠,0048,0,1,030,,,,,,
01236,呪,0049,0,1,030,,,,,,
01288,咸,0050,0,1,030,,,,,,
01235,周,0051,0,1,030,,,,,,
01451,嗟,0052,0,1,030,,,,,,
01387,啼,0053,0,1,030,,,,,,
01584,嚼,0054,0,1,030,,,,,,
01532,01532,0055,0,1,030,,,,,,
01740,城,0056,0,1,032,,,,,,
01851,墜,0057,0,1,032,,,,,,
01863,墮,0058,0,1,032,,,,,,
01839,境,0059,0,1,032,,,,,,
01727,垣,0060,0,1,032,,,,,,
01899,壤,0061,0,1,032,,,,,,
01779,01779,0062,0,1,032,,,,,,
01908,壷,0063,0,1,033,,,,,,
01913,壽,0064,0,1,033,,,,,,
01903,士,0065,0,1,033,,,,,,
01934,外,0066,0,1,036,,,,,,
01961,夷,0067,0,1,037,,,,,,
01994,奘,0068,0,1,037,,,,,,
01981,奏,0069,0,1,037,,,,,,
01986,奔,0070,0,1,037,,,,,,
01968,奄,0071,0,1,037,,,,,,
02040,02040,0072,0,1,038,,,,,,
02077,姓,0073,0,1,038,,,,,,
02177,媚,0074,0,1,038,,,,,,
02093,姨,0075,0,1,038,,,,,,
02045,妙,0076,0,1,038,,,,,,
02110,娑,0077,0,1,038,,,,,,
02142,婆,0078,0,1,038,,,,,,
02098,妍,0079,0,1,038,,,,,,
02178,媛,0080,0,1,038,,,,,,
02029,好,0081,0,1,038,,,,,,
02090,姥,0082,0,1,038,,,,,,
02248,嬰,0083,0,1,038,,,,,,
02035,妊,0084,0,1,038,,,,,,
02268,存,0085,0,1,039,,,,,,
02293,學,0086,0,1,039,,,,,,
02397,寛,0087,0,1,040,,,,,,
02392,寧,0088,0,1,040,,,,,,
02307,宇,0089,0,1,040,,,,,,
02322,宗,0090,0,1,040,,,,,,
02383,察,0091,0,1,040,,,,,,
02358,寄,0092,0,1,040,,,,,,
02395,審,0093,0,1,040,,,,,,
02436,導,0094,0,1,041,,,,,,
02446,尚,0095,0,1,042,,,,,,
02469,尸,0096,0,1,044,,,,,,
02471,尺,0097,0,1,044,,,,,,
02472,尻,0098,0,1,044,,,,,,
02499,屏,0099,0,1,044,,,,,,
02485,屈,0100,0,1,044,,,,,,
02598,峻,0101,0,1,046,,,,,,
02594,島,0102,0,1,046,,,,,,
02764,州,0103,0,1,047,,,,,,
02767,巡,0104,0,1,047,,,,,,
02806,希,0105,0,1,050,,,,,,
02818,帚,0106,0,1,050,,,,,,
02799,市,0107,0,1,050,,,,,,
02801,帆,0108,0,1,050,,,,,,
02902,并,0109,0,1,051,,,,,,
02915,幾,0110,0,1,052,,,,,,
02912,幽,0111,0,1,052,,,,,,
02992,廢,0112,0,1,053,,,,,,
03064,弱,0113,0,1,057,,,,,,
03060,弭,0114,0,1,057,,,,,,
03101,形,0115,0,1,059,,,,,,
03143,徒,0116,0,1,060,,,,,,
03292,恩,0117,0,1,061,,,,,,
03289,恥,0118,0,1,061,,,,,,
03203,忠,0119,0,1,061,,,,,,
03277,恙,0120,0,1,061,,,,,,
03235,怙,0121,0,1,061,,,,,,
03312,悉,0122,0,1,061,,,,,,
03196,忘,0123,0,1,061,,,,,,
03345,悽,0124,0,1,061,,,,,,
03267,恆,0125,0,1,061,,,,,,
03469,慰,0126,0,1,061,,,,,,
03299,恰,0127,0,1,061,,,,,,
03402,愍,0128,0,1,061,,,,,,
03355,惑,0129,0,1,061,,,,,,
03455,慟,0130,0,1,061,,,,,,
03475,慷,0131,0,1,061,,,,,,
03511,憚,0132,0,1,061,,,,,,
03463,慨,0133,0,1,061,,,,,,
03633,戰,0134,0,1,062,,,,,,
03632,戮,0135,0,1,062,,,,,,
03628,截,0136,0,1,062,,,,,,
03645,戻,0137,0,1,063,,,,,,
03686,扶,0138,0,1,064,,,,,,
03666,打,0139,0,1,064,,,,,,
03880,推,0140,0,1,064,,,,,,
03835,捨,0141,0,1,064,,,,,,
03761,拜,0142,0,1,064,,,,,,
03765,拭,0143,0,1,064,,,,,,
03907,換,0144,0,1,064,,,,,,
03837,捫,0145,0,1,064,,,,,,
03818,捉,0146,0,1,064,,,,,,
04311,斃,0147,0,1,066,,,,,,
04228,改,0148,0,1,066,,,,,,
04286,敬,0149,0,1,066,,,,,,
04303,整,0150,0,1,066,,,,,,
04363,斥,0151,0,1,069,,,,,,
04369,斬,0152,0,1,069,,,,,,
04391,施,0153,0,1,070,,,,,,
04518,昵,0154,0,1,072,,,,,,
04608,暴,0155,0,1,072,,,,,,
04499,星,0156,0,1,072,,,,,,
04542,晝,0157,0,1,072,,,,,,
04679,服,0158,0,1,074,,,,,,
05150,楫,0159,0,1,075,,,,,,
05529,權,0160,0,1,075,,,,,,
14917,14917,0161,0,1,075,,,,,,
04978,梔,0162,0,1,075,,,,,,
04781,板,0163,0,1,075,,,,,,
04825,04825,0164,0,1,075,,,,,,
04743,杖,0165,0,1,075,,,,,,
04871,柱,0166,0,1,075,,,,,,
04908,株,0167,0,1,075,,,,,,
04765,東,0168,0,1,075,,,,,,
04848,染,0169,0,1,075,,,,,,
04884,柴,0170,0,1,075,,,,,,
04865,柩,0171,0,1,075,,,,,,
05154,楯,0172,0,1,075,,,,,,
05361,橘,0173,0,1,075,,,,,,
04984,條,0174,0,1,075,,,,,,
05591,款,0175,0,1,076,,,,,,
05561,欣,0176,0,1,076,,,,,,
05641,止,0177,0,1,077,,,,,,
05645,歩,0178,0,1,077,,,,,,
05707,殆,0179,0,1,078,,,,,,
05717,殊,0180,0,1,078,,,,,,
05737,殘,0181,0,1,078,,,,,,
05932,氏,0182,0,1,083,,,,,,
06396,源,0183,0,1,085,,,,,,
06269,淤,0184,0,1,085,,,,,,
06151,流,0185,0,1,085,,,,,,
06045,河,0186,0,1,085,,,,,,
06134,洪,0187,0,1,085,,,,,,
06125,洞,0188,0,1,085,,,,,,
06088,泥,0189,0,1,085,,,,,,
06317,渠,0190,0,1,085,,,,,,
06138,洲,0191,0,1,085,,,,,,
06480,漂,0192,0,1,085,,,,,,
06050,沸,0193,0,1,085,,,,,,
06318,渡,0194,0,1,085,,,,,,
06316,渟,0195,0,1,085,,,,,,
06704,瀛,0196,0,1,085,,,,,,
06874,焦,0197,0,1,086,,,,,,
06978,燒,0198,0,1,086,,,,,,
06969,燃,0199,0,1,086,,,,,,
06835,烏,0200,0,1,086,,,,,,
06901,煙,0201,0,1,086,,,,,,
06997,燼,0202,0,1,086,,,,,,
07047,牆,0203,0,1,090,,,,,,
07065,牙,0204,0,1,092,,,,,,
07087,牽,0205,0,1,093,,,,,,
07106,犢,0206,0,1,093,,,,,,
07244,獵,0207,0,1,094,,,,,,
07256,玄,0208,0,1,095,,,,,,
00263,佩,0209,0,1,009,,,,,,
07294,珥,0210,0,1,096,,,,,,
07426,瓶,0211,0,1,098,,,,,,
07459,甜,0212,0,1,099,,,,,,
07481,申,0213,0,1,102,,,,,,
07530,異,0214,0,1,102,,,,,,
07507,畔,0215,0,1,102,,,,,,
07707,發,0216,0,1,105,,,,,,
07739,皮,0217,0,1,107,,,,,,
07817,看,0218,0,1,109,,,,,,
07867,睨,0219,0,1,109,,,,,,
07799,直,0220,0,1,109,,,,,,
07843,眼,0221,0,1,109,,,,,,
07806,盾,0222,0,1,109,,,,,,
07944,矩,0223,0,1,111,,,,,,
07986,破,0224,0,1,112,,,,,,
08016,碎,0225,0,1,112,,,,,,
08103,祀,0226,0,1,113,,,,,,
08123,祝,0227,0,1,113,,,,,,
08108,祈,0228,0,1,113,,,,,,
08119,祚,0229,0,1,113,,,,,,
08165,禮,0230,0,1,113,,,,,,
08279,穢,0231,0,1,115,,,,,,
08323,窟,0232,0,1,116,,,,,,
08365,竟,0233,0,1,117,,,,,,
11258,豎,0234,0,1,151,,,,,,
08479,箭,0235,0,1,118,,,,,,
08664,粟,0236,0,1,119,,,,,,
09030,繋,0237,0,1,120,,,,,,
08976,縫,0238,0,1,120,,,,,,
08993,總,0239,0,1,120,,,,,,
09064,纏,0240,0,1,120,,,,,,
08744,08744,0241,0,1,120,,,,,,
08762,08762,0242,0,1,120,,,,,,
08735,紀,0243,0,1,120,,,,,,
08779,細,0244,0,1,120,,,,,,
09133,罷,0245,0,1,122,,,,,,
09144,羅,0246,0,1,122,,,,,,
09142,羂,0247,0,1,122,,,,,,
09177,義,0248,0,1,123,,,,,,
09175,羣,0249,0,1,123,,,,,,
09249,耀,0250,0,1,124,,,,,,
09335,聽,0251,0,1,128,,,,,,
09541,膝,0252,0,1,130,,,,,,
09370,肩,0253,0,1,130,,,,,,
09364,股,0254,0,1,130,,,,,,
09377,肯,0255,0,1,130,,,,,,
09463,脱,0256,0,1,130,,,,,,
09449,脛,0257,0,1,130,,,,,,
09483,腋,0258,0,1,130,,,,,,
09568,臂,0259,0,1,130,,,,,,
09599,臥,0260,0,1,131,,,,,,
09621,臾,0261,0,1,134,,,,,,
09627,09627,0262,0,1,134,,,,,,
09626,舂,0263,0,1,134,,,,,,
09778,苗,0264,0,1,140,,,,,,
09911,菟,0265,0,1,140,,,,,,
10139,薄,0266,0,1,140,,,,,,
10153,薙,0267,0,1,140,,,,,,
10189,藍,0268,0,1,140,,,,,,
10510,螢,0269,0,1,142,,,,,,
10349,蛇,0270,0,1,142,,,,,,
10605,血,0271,0,1,143,,,,,,
10618,術,0272,0,1,144,,,,,,
10703,裏,0273,0,1,145,,,,,,
10708,裔,0274,0,1,145,,,,,,
10724,裳,0275,0,1,145,,,,,,
10773,襁,0276,0,1,145,,,,,,
10766,褸,0277,0,1,145,,,,,,
10798,襤,0278,0,1,145,,,,,,
10857,覽,0279,0,1,147,,,,,,
10859,觀,0280,0,1,147,,,,,,
10875,解,0281,0,1,148,,,,,,
10936,訶,0282,0,1,149,,,,,,
10974,詣,0283,0,1,149,,,,,,
11092,謀,0284,0,1,149,,,,,,
11171,識,0285,0,1,149,,,,,,
10987,該,0286,0,1,149,,,,,,
11109,謎,0287,0,1,149,,,,,,
11090,諾,0288,0,1,149,,,,,,
11264,11264,0289,0,1,151,,,,,,
11447,赦,0290,0,1,155,,,,,,
11453,赭,0291,0,1,155,,,,,,
11450,11450,0292,0,1,155,,,,,,
11467,超,0293,0,1,156,,,,,,
11457,赴,0294,0,1,156,,,,,,
11553,跳,0295,0,1,157,,,,,,
11580,踞,0296,0,1,157,,,,,,
11618,蹈,0297,0,1,157,,,,,,
11568,踏,0298,0,1,157,,,,,,
11593,踰,0299,0,1,157,,,,,,
11716,躬,0300,0,1,158,,,,,,
11799,輒,0301,0,1,159,,,,,,
11856,轉,0302,0,1,159,,,,,,
11893,辛,0303,0,1,160,,,,,,
11896,辜,0304,0,1,160,,,,,,
12093,遷,0305,0,1,162,,,,,,
11976,迹,0306,0,1,162,,,,,,
11986,逆,0307,0,1,162,,,,,,
11984,逃,0308,0,1,162,,,,,,
11979,追,0309,0,1,162,,,,,,
12046,過,0310,0,1,162,,,,,,
03008,廻,0311,0,1,054,,,,,,
12019,逮,0312,0,1,162,,,,,,
11982,退,0313,0,1,162,,,,,,
12025,逶,0314,0,1,162,,,,,,
12040,遇,0315,0,1,162,,,,,,
12062,遙,0316,0,1,162,,,,,,
12095,選,0317,0,1,162,,,,,,
12077,遨,0318,0,1,162,,,,,,
12082,遭,0319,0,1,162,,,,,,
12054,違,0320,0,1,162,,,,,,
12342,醤,0321,0,1,164,,,,,,
12360,釀,0322,0,1,164,,,,,,
12262,酌,0323,0,1,164,,,,,,
12327,醜,0324,0,1,164,,,,,,
12266,酒,0325,0,1,164,,,,,,
12372,里,0326,0,1,166,,,,,,
12485,鋒,0327,0,1,167,,,,,,
12544,鍜,0328,0,1,167,,,,,,
12380,金,0329,0,1,167,,,,,,
12601,鏑,0330,0,1,167,,,,,,
12563,鍾,0331,0,1,167,,,,,,
12722,閑,0332,0,1,169,,,,,,
12783,闕,0333,0,1,169,,,,,,
12714,閉,0334,0,1,169,,,,,,
12800,闥,0335,0,1,169,,,,,,
12862,陰,0336,0,1,170,,,,,,
12883,隅,0337,0,1,170,,,,,,
12847,陛,0338,0,1,170,,,,,,
12886,隆,0339,0,1,170,,,,,,
12955,雀,0340,0,1,172,,,,,,
12951,隼,0341,0,1,172,,,,,,
12971,雌,0342,0,1,172,,,,,,
13002,難,0343,0,1,172,,,,,,
13108,面,0344,0,1,176,,,,,,
13151,鞆,0345,0,1,177,,,,,,
13124,靭,0346,0,1,177,,,,,,
13281,音,0347,0,1,180,,,,,,
13398,類,0348,0,1,181,,,,,,
13327,領,0349,0,1,181,,,,,,
13313,預,0350,0,1,181,,,,,,
13355,頸,0351,0,1,181,,,,,,
13297,頃,0352,0,1,181,,,,,,
13503,食,0353,0,1,184,,,,,,
13526,飮,0354,0,1,184,,,,,,
13521,飫,0355,0,1,184,,,,,,
13630,饉,0356,0,1,184,,,,,,
13552,餌,0357,0,1,184,,,,,,
13559,餓,0358,0,1,184,,,,,,
13508,飢,0359,0,1,184,,,,,,
13565,餘,0360,0,1,184,,,,,,
13849,驗,0361,0,1,187,,,,,,
13820,騰,0363,0,1,187,,,,,,
14088,魔,0364,0,1,194,,,,,,
14207,鯔,0365,0,1,195,,,,,,
14576,鷲,0366,0,1,196,,,,,,
14659,14659,0367,0,1,198,,,,,,
14681,麻,0368,0,1,200,,,,,,
14730,黨,0369,0,1,203,,,,,,
14876,龍,0370,0,1,212,,,,,,
14887,龜,0371,0,1,213,,,,,,
00001,一,0372,1,64,001,,,,,,
00025,世,0374,1,9,001,,,,,,
00013,不,0375,1,73,001,,,,,,
00004,七,0377,1,3,001,,,,,,
00008,上,0378,1,28,001,,,,,,
00009,下,0379,1,16,001,,,,,,
00007,三,0380,1,19,001,,,,,,
00020,且,0381,1,12,001,,,,,,
00051,中,0382,1,36,002,,,,,,
00070,主,0383,1,21,003,,,,,,
00088,之,0384,1,355,004,,,,,,
00078,乃,0392,1,62,004,,,,,,
00085,久,0394,1,12,004,,,,,,
00092,乎,0395,1,20,004,,,,,,
00109,也,0396,1,67,005,,,,,,
00102,乘,0398,1,4,004,,,,,,
00108,乞,0399,1,3,005,,,,,,
00113,乳,0400,1,4,005,,,,,,
00128,事,0401,1,23,006,,,,,,
00129,二,0402,1,23,007,,,,,,
00135,五,0403,1,14,007,,,,,,
00133,云,0404,1,44,007,,,,,,
00136,井,0405,1,9,007,,,,,,
00132,于,0406,1,20,007,,,,,,
00150,亡,0407,1,3,008,,,,,,
00154,亦,0408,1,32,008,,,,,,
00175,今,0409,1,28,009,,,,,,
00256,作,0410,1,26,009,,,,,,
00213,伊,0411,1,7,009,,,,,,
00194,以,0412,1,138,009,,,,,,
00193,令,0415,1,8,009,,,,,,
00192,代,0416,1,10,009,,,,,,
00250,何,0417,1,27,009,,,,,,
00299,供,0418,1,4,009,,,,,,
00209,企,0419,1,5,009,,,,,,
00177,仍,0420,1,4,009,,,,,,
00321,便,0421,1,8,009,,,,,,
00288,侍,0422,1,6,009,,,,,,
00301,依,0423,1,11,009,,,,,,
00240,但,0424,1,3,009,,,,,,
00183,他,0425,1,2,009,,,,,,
00351,俳,0426,1,4,009,,,,,,
00217,伏,0427,1,7,009,,,,,,
00483,僉,0428,1,4,009,,,,,,
00378,倚,0429,1,2,009,,,,,,
00245,住,0430,1,8,009,,,,,,
00369,候,0431,1,2,009,,,,,,
00168,人,0432,1,37,009,,,,,,
00260,00260,0433,1,3,009,,,,,,
00349,俯,0434,1,2,009,,,,,,
00475,傾,0435,1,3,009,,,,,,
00373,倒,0436,1,3,009,,,,,,
00516,儀,0437,1,2,009,,,,,,
00246,佐,0438,1,2,009,,,,,,
03158,徨,0439,1,2,060,,,,,,
03121,彷,0440,1,2,060,,,,,,
00279,使,0441,1,21,009,,,,,,
00199,仰,0442,1,4,009,,,,,,
00542,優,0443,1,3,009,,,,,,
00449,傍,0444,1,2,009,,,,,,
00235,似,0445,1,2,009,,,,,,
00253,余,0446,1,7,009,,,,,,
00219,休,0447,1,2,009,,,,,,
00561,兄,0448,1,52,010,,,,,,
00574,兒,0450,1,64,010,,,,,,
00566,先,0452,1,19,010,,,,,,
00567,光,0453,1,4,010,,,,,,
00585,内,0454,1,12,011,,,,,,
00582,入,0455,1,25,011,,,,,,
00589,全,0456,1,2,011,,,,,,
00591,兩,0457,1,3,011,,,,,,
00605,其,0458,1,100,012,,,,,,
00594,八,0460,1,38,012,,,,,,
00606,具,0461,1,5,012,,,,,,
00599,共,0462,1,6,012,,,,,,
00613,兼,0463,1,4,012,,,,,,
00701,凡,0464,1,6,016,,,,,,
00723,出,0465,1,71,017,,,,,,
00729,刀,0467,1,4,018,,,,,,
00734,分,0468,1,3,018,,,,,,
00789,則,0469,1,71,018,,,,,,
00769,到,0471,1,21,018,,,,,,
00763,別,0472,1,8,018,,,,,,
00794,前,0473,1,13,018,,,,,,
00767,利,0474,1,12,018,,,,,,
00843,劍,0475,1,5,018,,,,,,
00818,副,0476,1,3,018,,,,,,
00776,制,0477,1,2,018,,,,,,
00759,初,0478,1,5,018,,,,,,
00893,勝,0479,1,18,019,,,,,,
00884,00884,0480,1,19,019,,,,,,
00858,加,0481,1,4,019,,,,,,
00898,勢,0482,1,3,019,,,,,,
00919,勿,0483,1,10,020,,,,,,
00938,化,0484,1,4,021,,,,,,
00985,十,0485,1,18,024,,,,,,
00987,千,0486,1,15,024,,,,,,
01019,卜,0487,1,2,025,,,,,,
01022,占,0488,1,2,025,,,,,,
01049,即,0489,1,36,026,,,,,,
01035,危,0490,1,2,026,,,,,,
01074,原,0491,1,18,027,,,,,,
01101,去,0492,1,19,028,,,,,,
01111,及,0493,1,28,029,,,,,,
01116,反,0494,1,2,029,,,,,,
01108,又,0495,1,18,029,,,,,,
01112,友,0496,1,4,029,,,,,,
01127,取,0497,1,14,029,,,,,,
01128,受,0498,1,6,029,,,,,,
01349,唯,0499,1,4,030,,,,,,
01141,口,0500,1,17,030,,,,,,
01412,喜,0501,1,3,030,,,,,,
01179,向,0502,1,11,030,,,,,,
01170,合,0503,1,9,030,,,,,,
01175,名,0504,1,23,030,,,,,,
01252,命,0505,1,76,030,,,,,,
01395,善,0507,1,4,030,,,,,,
01479,嘗,0508,1,3,030,,,,,,
01295,哀,0509,1,3,030,,,,,,
01174,同,0510,1,3,030,,,,,,
01369,問,0511,1,39,030,,,,,,
01188,吟,0512,1,4,030,,,,,,
01185,君,0513,1,11,030,,,,,,
01251,呼,0514,1,3,030,,,,,,
01168,各,0515,1,2,030,,,,,,
01242,味,0516,1,9,030,,,,,,
01323,哭,0517,1,4,030,,,,,,
01154,可,0518,1,28,030,,,,,,
01305,哉,0519,1,6,030,,,,,,
01219,告,0520,1,6,030,,,,,,
01263,和,0521,1,5,030,,,,,,
01217,吾,0522,1,89,030,,,,,,
01359,唾,0524,1,2,030,,,,,,
01487,嘲,0525,1,4,030,,,,,,
01187,呑,0526,1,2,030,,,,,,
01150,召,0527,1,10,030,,,,,,
01452,嗣,0528,1,5,030,,,,,,
01420,喧,0529,1,2,030,,,,,,
01279,咫,0530,1,3,030,,,,,,
01484,嘯,0531,1,3,030,,,,,,
01611,因,0532,1,41,031,,,,,,
01639,國,0533,1,62,031,,,,,,
01627,固,0535,1,2,031,,,,,,
01607,四,0536,1,2,031,,,,,,
01623,困,0537,1,3,031,,,,,,
01666,地,0538,1,15,032,,,,,,
01659,在,0539,1,29,032,,,,,,
01682,坐,0540,1,6,032,,,,,,
01672,坂,0541,1,2,032,,,,,,
01654,土,0542,1,5,032,,,,,,
01796,報,0543,1,15,032,,,,,,
01710,垂,0544,1,2,032,,,,,,
01726,垢,0545,1,2,032,,,,,,
01767,堅,0546,1,3,032,,,,,,
01818,塗,0547,1,2,032,,,,,,
01905,壯,0548,1,3,033,,,,,,
01939,夜,0549,1,15,036,,,,,,
01938,多,0550,1,11,036,,,,,,
01947,天,0551,1,210,037,,,,,,
01946,大,0556,1,52,037,,,,,,
01948,太,0558,1,9,037,,,,,,
01949,夫,0559,1,4,037,,,,,,
01957,失,0560,1,7,037,,,,,,
01974,奉,0561,1,29,037,,,,,,
01972,奇,0562,1,2,037,,,,,,
01973,奈,0563,1,5,037,,,,,,
02022,女,0564,1,53,038,,,,,,
02061,妻,0566,1,10,038,,,,,,
02062,妾,0567,1,20,038,,,,,,
02134,娶,0568,1,10,038,,,,,,
02032,妃,0569,1,6,038,,,,,,
02108,姫,0570,1,69,038,,,,,,
02031,如,0572,1,24,038,,,,,,
02069,始,0573,1,4,038,,,,,,
02059,妹,0574,1,5,038,,,,,,
02122,娠,0575,1,8,038,,,,,,
02078,委,0576,1,2,038,,,,,,
02068,姉,0577,1,2,038,,,,,,
02024,奴,0578,1,3,038,,,,,,
02151,婢,0579,1,2,038,,,,,,
02119,娜,0580,1,3,038,,,,,,
02155,婦,0581,1,2,038,,,,,,
02262,子,0582,1,54,039,,,,,,
02282,孫,0584,1,84,039,,,,,,
02265,孕,0586,1,2,039,,,,,,
02407,寶,0587,1,5,040,,,,,,
02390,實,0588,1,5,040,,,,,,
02313,完,0589,1,3,040,,,,,,
02309,安,0590,1,3,040,,,,,,
02346,害,0591,1,5,040,,,,,,
02342,宮,0592,1,16,040,,,,,,
02332,室,0593,1,8,040,,,,,,
02327,宜,0594,1,16,040,,,,,,
02331,客,0595,1,5,040,,,,,,
02352,容,0596,1,7,040,,,,,,
02325,定,0597,1,7,040,,,,,,
02429,尊,0598,1,115,041,,,,,,
02430,尋,0601,1,12,041,,,,,,
02425,將,0602,1,25,041,,,,,,
02435,對,0603,1,23,041,,,,,,
02422,射,0604,1,7,041,,,,,,
02439,小,0605,1,9,042,,,,,,
02440,少,0606,1,5,042,,,,,,
02464,就,0607,1,8,043,,,,,,
02488,屋,0608,1,20,044,,,,,,
02482,居,0609,1,14,044,,,,,,
02478,尾,0610,1,2,044,,,,,,
02504,屡,0611,1,5,044,,,,,,
02528,山,0612,1,27,046,,,,,,
02640,崩,0613,1,3,046,,,,,,
02589,峯,0614,1,6,046,,,,,,
02607,崇,0615,1,3,046,,,,,,
02540,岐,0616,1,3,046,,,,,,
02762,川,0617,1,5,047,,,,,,
02774,左,0618,1,2,048,,,,,,
02783,已,0619,1,25,049,,,,,,
02782,己,0620,1,13,049,,,,,,
02881,幡,0621,1,16,050,,,,,,
02828,帥,0622,1,2,050,,,,,,
02847,常,0623,1,3,050,,,,,,
02846,帶,0624,1,6,050,,,,,,
02839,席,0625,1,2,050,,,,,,
02903,幸,0626,1,25,051,,,,,,
02900,年,0627,1,6,051,,,,,,
02899,平,0628,1,20,051,,,,,,
02932,底,0629,1,2,053,,,,,,
02993,廣,0630,1,3,053,,,,,,
02946,座,0631,1,3,053,,,,,,
02924,床,0632,1,10,053,,,,,,
02952,庭,0633,1,2,053,,,,,,
03005,延,0634,1,4,054,,,,,,
03042,弓,0635,1,10,057,,,,,,
03044,引,0636,1,2,057,,,,,,
03065,張,0637,1,2,057,,,,,,
03084,彌,0638,1,4,057,,,,,,
03052,弟,0639,1,41,057,,,,,,
03066,強,0640,1,2,057,,,,,,
03043,弔,0641,1,4,057,,,,,,
03106,彦,0642,1,108,059,,,,,,
03116,影,0645,1,2,059,,,,,,
03128,往,0646,1,14,060,,,,,,
03142,徑,0647,1,4,060,,,,,,
03132,待,0648,1,6,060,,,,,,
03145,得,0649,1,18,060,,,,,,
03151,從,0650,1,17,060,,,,,,
03159,復,0651,1,32,060,,,,,,
03172,徳,0652,1,2,060,,,,,,
03124,彼,0653,1,14,060,,,,,,
03138,後,0654,1,21,060,,,,,,
03410,慍,0655,1,2,061,,,,,,
03372,惱,0656,1,3,061,,,,,,
03179,心,0657,1,10,061,,,,,,
03180,必,0658,1,15,061,,,,,,
03335,悲,0659,1,2,061,,,,,,
03184,忍,0660,1,12,061,,,,,,
03219,忽,0661,1,6,061,,,,,,
03298,息,0662,1,6,061,,,,,,
03453,慙,0663,1,4,061,,,,,,
03243,急,0664,1,5,061,,,,,,
03329,患,0665,1,3,061,,,,,,
03387,愁,0666,1,4,061,,,,,,
03395,意,0667,1,6,061,,,,,,
03183,忌,0668,1,2,061,,,,,,
03544,懃,0669,1,2,061,,,,,,
03348,情,0670,1,4,061,,,,,,
03291,恨,0671,1,9,061,,,,,,
03194,志,0672,1,4,061,,,,,,
03239,思,0673,1,6,061,,,,,,
03220,忿,0674,1,5,061,,,,,,
03320,悔,0675,1,2,061,,,,,,
03534,憶,0676,1,3,061,,,,,,
03486,憂,0677,1,8,061,,,,,,
03405,愛,0678,1,3,061,,,,,,
03229,怒,0679,1,4,061,,,,,,
03550,應,0680,1,2,061,,,,,,
03466,慮,0681,1,2,061,,,,,,
03365,惟,0682,1,2,061,,,,,,
03248,怪,0683,1,2,061,,,,,,
03367,惡,0684,1,6,061,,,,,,
03585,懷,0685,1,3,061,,,,,,
03238,怜,0686,1,4,061,,,,,,
03499,憐,0687,1,4,061,,,,,,
03438,慇,0688,1,2,061,,,,,,
03611,我,0689,1,31,062,,,,,,
03610,成,0690,1,3,062,,,,,,
03617,或,0691,1,3,062,,,,,,
03640,戸,0692,1,6,063,,,,,,
03647,所,0693,1,46,063,,,,,,
03780,持,0694,1,13,064,,,,,,
03659,手,0695,1,15,064,,,,,,
04069,播,0696,1,10,064,,,,,,
03862,排,0697,1,6,064,,,,,,
03911,握,0698,1,2,064,,,,,,
04062,撥,0699,1,3,064,,,,,,
03715,披,0700,1,2,064,,,,,,
03758,招,0701,1,2,064,,,,,,
03708,投,0702,1,5,064,,,,,,
03855,授,0703,1,10,064,,,,,,
03858,掌,0704,1,3,064,,,,,,
03939,損,0705,1,2,064,,,,,,
03711,折,0706,1,10,064,,,,,,
03720,抱,0707,1,2,064,,,,,,
03704,抑,0708,1,3,064,,,,,,
03751,03751,0709,1,6,064,,,,,,
04106,據,0710,1,4,064,,,,,,
03874,探,0711,1,5,064,,,,,,
04146,攀,0712,1,2,064,,,,,,
03750,拔,0713,1,3,064,,,,,,
04261,教,0714,1,12,066,,,,,,
04298,數,0715,1,4,066,,,,,,
04263,救,0716,1,4,066,,,,,,
04277,敢,0717,1,3,066,,,,,,
04233,放,0718,1,5,066,,,,,,
04243,故,0719,1,83,066,,,,,,
04368,斫,0721,1,2,069,,,,,,
04376,新,0722,1,4,069,,,,,,
04385,方,0723,1,7,070,,,,,,
04389,於,0724,1,79,070,,,,,,
04442,既,0726,1,14,071,,,,,,
04523,時,0727,1,117,072,,,,,,
04512,是,0730,1,97,072,,,,,,
04446,日,0732,1,45,072,,,,,,
04485,明,0733,1,13,072,,,,,,
04480,昇,0734,1,5,072,,,,,,
04500,映,0735,1,3,072,,,,,,
04490,昔,0736,1,3,072,,,,,,
04489,易,0737,1,4,072,,,,,,
04569,智,0738,1,5,072,,,,,,
04650,曰,0739,1,177,073,,,,,,
04654,更,0743,1,4,073,,,,,,
04667,會,0744,1,4,073,,,,,,
04661,曾,0745,1,2,073,,,,,,
04651,曲,0746,1,4,073,,,,,,
04657,書,0747,1,16,073,,,,,,
04674,有,0748,1,84,074,,,,,,
04693,望,0750,1,2,074,,,,,,
04673,月,0751,1,3,074,,,,,,
04676,朋,0752,1,2,074,,,,,,
04699,期,0753,1,3,074,,,,,,
04747,杜,0754,1,8,075,,,,,,
05236,槌,0755,1,5,075,,,,,,
05279,樂,0756,1,3,075,,,,,,
04707,木,0757,1,11,075,,,,,,
04723,机,0758,1,2,075,,,,,,
04803,林,0759,1,2,075,,,,,,
04711,未,0760,1,6,075,,,,,,
04712,末,0761,1,3,075,,,,,,
04758,杪,0762,1,3,075,,,,,,
05323,樹,0763,1,17,075,,,,,,
04807,枝,0764,1,2,075,,,,,,
05080,植,0765,1,2,075,,,,,,
04806,果,0766,1,5,075,,,,,,
04922,根,0767,1,17,075,,,,,,
05348,橋,0768,1,7,075,,,,,,
04769,杵,0769,1,19,075,,,,,,
05381,横,0770,1,3,075,,,,,,
04713,本,0771,1,12,075,,,,,,
05014,棄,0772,1,5,075,,,,,,
05293,樓,0773,1,2,075,,,,,,
05471,櫛,0774,1,3,075,,,,,,
05266,05266,0775,1,6,075,,,,,,
04915,栲,0776,1,6,075,,,,,,
05609,歌,0777,1,13,076,,,,,,
05633,歟,0778,1,10,076,,,,,,
05580,欲,0779,1,20,076,,,,,,
05558,次,0780,1,30,076,,,,,,
05612,歎,0781,1,2,076,,,,,,
05676,歸,0782,1,13,077,,,,,,
05643,正,0783,1,6,077,,,,,,
05644,此,0784,1,87,077,,,,,,
05649,武,0786,1,10,077,,,,,,
05686,死,0787,1,6,078,,,,,,
05777,殯,0788,1,2,078,,,,,,
05809,殿,0789,1,4,079,,,,,,
05834,母,0790,1,10,080,,,,,,
05836,毎,0791,1,2,080,,,,,,
05841,比,0792,1,6,081,,,,,,
05850,毛,0793,1,5,082,,,,,,
05935,民,0794,1,2,083,,,,,,
05947,氣,0795,1,2,084,,,,,,
05952,水,0796,1,6,085,,,,,,
06381,湯,0797,1,6,085,,,,,,
05962,汀,0798,1,7,085,,,,,,
05983,汝,0799,1,48,085,,,,,,
06182,海,0800,1,74,085,,,,,,
06128,津,0802,1,45,085,,,,,,
06645,濤,0803,1,3,085,,,,,,
06476,滿,0804,1,7,085,,,,,,
06422,溺,0805,1,8,085,,,,,,
05996,汲,0806,1,5,085,,,,,,
06285,深,0807,1,3,085,,,,,,
06145,活,0808,1,3,085,,,,,,
06713,瀬,0809,1,7,085,,,,,,
06312,渚,0810,1,3,085,,,,,,
06087,泣,0811,1,2,085,,,,,,
06611,濃,0812,1,2,085,,,,,,
06023,沒,0813,1,5,085,,,,,,
06507,漬,0814,1,3,085,,,,,,
06086,波,0815,1,12,085,,,,,,
06175,浮,0816,1,8,085,,,,,,
06294,添,0817,1,2,085,,,,,,
06055,治,0818,1,9,085,,,,,,
06658,濱,0819,1,8,085,,,,,,
06074,法,0820,1,2,085,,,,,,
06408,溢,0821,1,5,085,,,,,,
06173,浪,0822,1,2,085,,,,,,
06193,渉,0823,1,2,085,,,,,,
06150,06150,0824,1,2,085,,,,,,
06432,滅,0825,1,2,085,,,,,,
06227,涸,0826,1,10,085,,,,,,
06723,瀲,0827,1,7,085,,,,,,
06015,沈,0828,1,3,085,,,,,,
05957,永,0829,1,4,085,,,,,,
05964,求,0830,1,3,085,,,,,,
06554,潮,0831,1,23,085,,,,,,
06776,火,0832,1,114,086,,,,,,
06956,06956,0835,1,2,086,,,,,,
06918,照,0836,1,15,086,,,,,,
06939,熊,0837,1,4,086,,,,,,
06872,無,0838,1,22,086,,,,,,
06885,然,0839,1,21,086,,,,,,
06957,熱,0840,1,2,086,,,,,,
06947,06947,0841,1,2,086,,,,,,
06801,炎,0842,1,3,086,,,,,,
06867,焚,0843,1,2,086,,,,,,
06861,焉,0844,1,25,086,,,,,,
07032,爲,0845,1,58,087,,,,,,
07035,父,0847,1,13,088,,,,,,
07086,特,0848,1,2,093,,,,,,
07080,物,0849,1,5,093,,,,,,
07122,状,0850,1,6,094,,,,,,
07162,狹,0851,1,18,094,,,,,,
07203,猶,0852,1,10,094,,,,,,
07230,獨,0853,1,3,094,,,,,,
07207,猿,0854,1,6,094,,,,,,
07241,獲,0855,1,2,094,,,,,,
07139,狗,0856,1,2,094,,,,,,
07262,王,0857,1,7,096,,,,,,
07261,玉,0858,1,53,096,,,,,,
07394,瓊,0860,1,37,096,,,,,,
07395,瓏,0861,1,2,096,,,,,,
07307,理,0862,1,3,096,,,,,,
07275,玲,0863,1,2,096,,,,,,
07346,瑞,0864,1,2,096,,,,,,
07444,甍,0865,1,2,098,,,,,,
07452,甕,0866,1,6,098,,,,,,
07457,甚,0867,1,5,099,,,,,,
07461,生,0868,1,45,100,,,,,,
07464,産,0869,1,41,100,,,,,,
07469,用,0870,1,7,101,,,,,,
07478,田,0871,1,34,102,,,,,,
07508,留,0872,1,9,102,,,,,,
07535,當,0873,1,51,102,,,,,,
07503,畏,0875,1,2,102,,,,,,
07483,男,0876,1,4,102,,,,,,
07479,由,0877,1,3,102,,,,,,
05845,05845,0878,1,2,081,,,,,,
07557,疏,0879,1,2,103,,,,,,
07559,疑,0880,1,5,103,,,,,,
07591,疾,0881,1,5,104,,,,,,
07685,癡,0882,1,2,104,,,,,,
07706,登,0883,1,6,105,,,,,,
07709,白,0884,1,9,106,,,,,,
07718,皇,0885,1,69,106,,,,,,
07710,百,0887,1,8,106,,,,,,
07717,皆,0888,1,7,106,,,,,,
07770,盛,0889,1,5,108,,,,,,
07785,盧,0890,1,2,108,,,,,,
07779,盡,0891,1,3,108,,,,,,
07759,益,0892,1,3,108,,,,,,
07827,眞,0893,1,7,109,,,,,,
07844,衆,0894,1,3,109,,,,,,
07790,目,0895,1,12,109,,,,,,
07801,相,0896,1,14,109,,,,,,
07929,矛,0897,1,4,110,,,,,,
07941,知,0898,1,16,111,,,,,,
07937,矢,0899,1,24,111,,,,,,
07938,矣,0900,1,31,111,,,,,,
07948,短,0901,1,2,111,,,,,,
07954,石,0902,1,6,112,,,,,,
08047,磐,0903,1,21,112,,,,,,
08057,磨,0904,1,7,112,,,,,,
08023,碕,0905,1,5,112,,,,,,
08124,神,0906,1,203,113,,,,,,
08107,祇,0911,1,8,113,,,,,,
08117,祖,0912,1,12,113,,,,,,
08159,禦,0913,1,3,113,,,,,,
08166,禰,0914,1,4,113,,,,,,
08135,祭,0915,1,2,113,,,,,,
08273,穗,0916,1,23,115,,,,,,
08179,秀,0917,1,2,115,,,,,,
08187,秋,0918,1,2,115,,,,,,
08233,稚,0919,1,28,115,,,,,,
08212,移,0920,1,2,115,,,,,,
08235,稜,0921,1,4,115,,,,,,
08180,私,0922,1,3,115,,,,,,
08248,稱,0923,1,8,115,,,,,,
08244,種,0924,1,2,115,,,,,,
08296,空,0925,1,4,116,,,,,,
08329,窮,0926,1,3,116,,,,,,
08354,立,0927,1,13,117,,,,,,
08353,竊,0928,1,2,116,,,,,,
08376,端,0929,1,2,117,,,,,,
08382,竹,0930,1,8,118,,,,,,
08404,笠,0931,1,4,118,,,,,,
08619,籠,0932,1,6,118,,,,,,
08468,箕,0933,1,2,118,,,,,,
08631,籬,0934,1,3,118,,,,,,
08426,等,0935,1,15,118,,,,,,
08434,筑,0936,1,3,118,,,,,,
08461,箇,0937,1,10,118,,,,,,
08437,答,0938,1,2,118,,,,,,
08435,筒,0939,1,3,118,,,,,,
08396,笑,0940,1,2,118,,,,,,
08773,紫,0941,1,3,120,,,,,,
08924,縁,0942,1,12,120,,,,,,
08807,結,0943,1,2,120,,,,,,
08856,經,0944,1,11,120,,,,,,
08765,素,0945,1,5,120,,,,,,
08899,綿,0946,1,2,120,,,,,,
08809,絶,0947,1,4,120,,,,,,
09028,繩,0948,1,2,120,,,,,,
08795,終,0949,1,3,120,,,,,,
09012,織,0950,1,2,120,,,,,,
09125,罪,0951,1,2,122,,,,,,
09128,置,0952,1,7,122,,,,,,
09155,美,0953,1,12,123,,,,,,
09195,羽,0954,1,6,124,,,,,,
09201,翁,0955,1,11,124,,,,,,
09255,者,0956,1,102,125,,,,,,
09250,老,0959,1,12,125,,,,,,
09264,而,0960,1,120,126,,,,,,
09267,耐,0963,1,4,126,,,,,,
09278,耜,0964,1,9,127,,,,,,
09315,聞,0965,1,11,128,,,,,,
09292,耶,0966,1,21,128,,,,,,
09328,聲,0967,1,4,128,,,,,,
09429,能,0968,1,17,130,,,,,,
09394,背,0969,1,6,130,,,,,,
09425,胸,0970,1,8,130,,,,,,
09413,胤,0971,1,7,130,,,,,,
09577,臍,0972,1,2,130,,,,,,
09508,腰,0973,1,2,130,,,,,,
09601,臨,0974,1,8,131,,,,,,
09596,臣,0975,1,2,131,,,,,,
09602,自,0976,1,35,132,,,,,,
09610,至,0977,1,25,133,,,,,,
09617,臺,0978,1,2,133,,,,,,
09611,致,0979,1,8,133,,,,,,
09629,與,0980,1,23,134,,,,,,
09632,擧,0981,1,7,134,,,,,,
09675,船,0982,1,4,137,,,,,,
09714,良,0983,1,2,138,,,,,,
09716,色,0984,1,4,139,,,,,,
09758,花,0985,1,6,140,,,,,,
09764,芹,0986,1,9,140,,,,,,
09982,葦,0987,1,26,140,,,,,,
10031,蒼,0988,1,2,140,,,,,,
10040,蓋,0989,1,4,140,,,,,,
09985,葬,0990,1,3,140,,,,,,
09846,草,0991,1,11,140,,,,,,
09966,葉,0992,1,3,140,,,,,,
09961,落,0993,1,5,140,,,,,,
09807,茂,0994,1,5,140,,,,,,
09788,若,0995,1,17,140,,,,,,
09789,苦,0996,1,6,140,,,,,,
09972,著,0997,1,3,140,,,,,,
09921,華,0998,1,2,140,,,,,,
09954,萬,0999,1,9,140,,,,,,
10270,處,1000,1,19,141,,,,,,
10272,虚,1001,1,3,141,,,,,,
10563,蠅,1002,1,3,142,,,,,,
10614,行,1003,1,19,144,,,,,,
10636,衢,1004,1,3,144,,,,,,
10698,裂,1005,1,2,145,,,,,,
10637,衣,1006,1,2,145,,,,,,
10649,衰,1007,1,2,145,,,,,,
10806,襲,1008,1,3,145,,,,,,
10729,裹,1009,1,4,145,,,,,,
10658,衾,1010,1,5,145,,,,,,
10774,襃,1011,1,3,145,,,,,,
10820,西,1012,1,2,146,,,,,,
10826,覆,1013,1,5,146,,,,,,
10831,見,1014,1,69,147,,,,,,
10834,覓,1016,1,6,147,,,,,,
10848,親,1017,1,3,147,,,,,,
10837,視,1018,1,7,147,,,,,,
10840,覘,1019,1,2,147,,,,,,
10887,觸,1020,1,2,148,,,,,,
10890,言,1021,1,29,149,,,,,,
11095,謂,1022,1,20,149,,,,,,
11085,諸,1023,1,12,149,,,,,,
11028,誰,1024,1,9,149,,,,,,
11017,語,1025,1,5,149,,,,,,
10925,訪,1026,1,4,149,,,,,,
10896,計,1027,1,4,149,,,,,,
11049,請,1028,1,14,149,,,,,,
11018,誠,1029,1,3,149,,,,,,
11008,誓,1030,1,4,149,,,,,,
10975,試,1031,1,5,149,,,,,,
10999,誅,1032,1,2,149,,,,,,
11024,誨,1033,1,2,149,,,,,,
10912,訖,1034,1,6,149,,,,,,
11020,誤,1035,1,4,149,,,,,,
11200,護,1036,1,2,149,,,,,,
10930,許,1037,1,2,149,,,,,,
11022,誥,1038,1,4,149,,,,,,
10965,詛,1039,1,2,149,,,,,,
11205,譽,1040,1,5,149,,,,,,
10928,設,1041,1,5,149,,,,,,
11234,谷,1042,1,2,150,,,,,,
11250,豆,1043,1,6,151,,,,,,
11253,豈,1044,1,5,151,,,,,,
11261,豐,1045,1,30,151,,,,,,
11283,豫,1046,1,3,152,,,,,,
11311,貌,1047,1,4,153,,,,,,
11355,貴,1048,1,11,154,,,,,,
11344,責,1049,1,5,154,,,,,,
11338,貧,1050,1,7,154,,,,,,
11393,賜,1051,1,9,154,,,,,,
11377,賊,1052,1,2,154,,,,,,
11354,貳,1053,1,2,154,,,,,,
11429,贈,1054,1,3,154,,,,,,
11445,赤,1055,1,10,155,,,,,,
11454,走,1056,1,3,156,,,,,,
11461,起,1057,1,13,156,,,,,,
11708,躡,1058,1,4,157,,,,,,
11548,路,1059,1,3,157,,,,,,
11495,足,1060,1,6,157,,,,,,
11614,11614,1061,1,2,157,,,,,,
11564,踉,1062,1,2,157,,,,,,
11715,身,1063,1,8,158,,,,,,
11795,載,1064,1,3,159,,,,,,
11801,輔,1065,1,5,159,,,,,,
11782,軻,1066,1,2,159,,,,,,
11914,辭,1067,1,6,160,,,,,,
11918,辱,1068,1,6,161,,,,,,
12000,通,1069,1,2,162,,,,,,
11995,途,1070,1,2,162,,,,,,
11947,迎,1071,1,4,162,,,,,,
12009,逢,1072,1,2,162,,,,,,
12115,邊,1073,1,10,162,,,,,,
12070,遠,1074,1,7,162,,,,,,
11937,迅,1075,1,2,162,,,,,,
12037,遂,1076,1,18,162,,,,,,
12042,遊,1077,1,11,162,,,,,,
11951,返,1078,1,2,162,,,,,,
12074,遣,1079,1,22,162,,,,,,
12108,還,1080,1,32,162,,,,,,
12091,遵,1081,1,4,162,,,,,,
12103,避,1082,1,12,162,,,,,,
12051,道,1083,1,6,162,,,,,,
12003,速,1084,1,9,162,,,,,,
12052,達,1085,1,4,162,,,,,,
12004,造,1086,1,9,162,,,,,,
12010,連,1087,1,7,162,,,,,,
12022,進,1088,1,11,162,,,,,,
11983,送,1089,1,6,162,,,,,,
12120,邏,1090,1,3,162,,,,,,
12030,逼,1091,1,3,162,,,,,,
12223,12223,1092,1,4,163,,,,,,
12205,郷,1093,1,7,163,,,,,,
12188,都,1094,1,3,163,,,,,,
12176,部,1095,1,6,163,,,,,,
12139,邪,1096,1,2,163,,,,,,
12302,酸,1097,1,3,164,,,,,,
12282,酢,1098,1,7,164,,,,,,
12263,配,1099,1,5,164,,,,,,
12373,重,1100,1,10,166,,,,,,
12374,野,1101,1,9,166,,,,,,
12386,針,1102,1,2,167,,,,,,
12421,鈿,1103,1,9,167,,,,,,
12494,鋪,1104,1,2,167,,,,,,
12388,釣,1105,1,9,167,,,,,,
12441,鉤,1106,1,45,167,,,,,,
12418,鈴,1107,1,2,167,,,,,,
12613,鏡,1108,1,6,167,,,,,,
12497,鋺,1109,1,4,167,,,,,,
12698,長,1110,1,19,168,,,,,,
12724,間,1111,1,9,169,,,,,,
12773,闌,1112,1,4,169,,,,,,
12709,門,1113,1,8,169,,,,,,
12716,開,1114,1,5,169,,,,,,
12935,隱,1115,1,4,170,,,,,,
12822,防,1116,1,2,170,,,,,,
12887,隈,1117,1,2,170,,,,,,
12838,降,1118,1,34,170,,,,,,
12859,陪,1119,1,2,170,,,,,,
12898,隔,1120,1,2,170,,,,,,
12870,陸,1121,1,2,170,,,,,,
12855,除,1122,1,2,170,,,,,,
12830,阿,1123,1,10,170,,,,,,
12864,陳,1124,1,2,170,,,,,,
12831,陀,1125,1,3,170,,,,,,
13001,離,1126,1,5,172,,,,,,
12991,雖,1127,1,7,172,,,,,,
12965,雉,1128,1,14,172,,,,,,
12961,雄,1129,1,2,172,,,,,,
12963,集,1130,1,4,172,,,,,,
13092,靈,1131,1,28,173,,,,,,
13073,露,1132,1,4,173,,,,,,
13020,雲,1133,1,8,173,,,,,,
13012,雨,1134,1,2,173,,,,,,
13104,非,1135,1,11,175,,,,,,
13293,響,1136,1,2,180,,,,,,
13302,順,1137,1,6,181,,,,,,
13316,頓,1138,1,5,181,,,,,,
13346,頭,1139,1,3,181,,,,,,
13380,顏,1140,1,2,181,,,,,,
13325,頗,1141,1,2,181,,,,,,
13416,顯,1142,1,7,181,,,,,,
13409,顧,1143,1,2,181,,,,,,
13304,須,1144,1,7,181,,,,,,
13391,願,1145,1,2,181,,,,,,
13423,風,1146,1,13,182,,,,,,
13479,飄,1147,1,2,182,,,,,,
13495,飛,1148,1,2,183,,,,,,
13527,飯,1149,1,8,184,,,,,,
13636,饌,1150,1,2,184,,,,,,
13641,饒,1151,1,3,184,,,,,,
13551,養,1152,1,8,184,,,,,,
13661,首,1153,1,3,185,,,,,,
13667,香,1154,1,2,186,,,,,,
13680,馬,1155,1,2,187,,,,,,
13681,馭,1156,1,3,187,,,,,,
13771,駿,1157,1,2,187,,,,,,
13864,驢,1158,1,2,187,,,,,,
13839,驅,1159a,2,2,187,,,,,,
13839b,驅,1159b,2,1,187,,,,,,
13852,驚,1160,1,3,187,,,,,,
13775,13775,1161,1,2,187,,,,,,
13873,骨,1162,1,2,188,,,,,,
13940,高,1163,1,54,189,,,,,,
14061,鬼,1165,1,2,194,,,,,,
14101,魚,1166,1,13,195,,,,,,
14356,14356,1167,1,13,195,,,,,,
14279,鰭,1168,1,3,195,,,,,,
14213,鯛,1169,1,3,195,,,,,,
14361,鳥,1170,1,6,196,,,,,,
14537,14537,1171,1,7,196,,,,,,
14379,鳴,1172,1,3,196,,,,,,
14603,14603,1173,1,7,196,,,,,,
12957,雁,1174,1,2,172,,,,,,
14620,鹽,1175,1,5,197,,,,,,
14621,鹿,1176,1,16,198,,,,,,
14645,麗,1177,1,3,198,,,,,,
14809,鼻,1178,1,2,209,,,,,,
14829,齋,1179,1,8,210,,,,,,
S00066,々,1180,1,98,部外,,,,,,
00282,來,1182a,2,21,009,,,,,,
00282b,來,1182b,2,18,009,,,,,,
01430,喪,1183a,2,5,030,,,,,,
01430b,喪,1183b,2,5,030,,,,,,
02105,威,1184a,2,4,038,,,,,,
02105b,威,1184b,2,1,038,,,,,,
02515,屬,1185a,2,3,044,,,,,,
02515b,屬,1185b,2,2,044,,,,,,
03153,御,1186a,2,8,060,,,,,,
03153b,御,1186b,2,3,060,,,,,,
05979,汚,1187a,2,2,085,,,,,,
05979b,汚,1187b,2,1,085,,,,,,
06882,焔,1188a,2,1,086,,,,,,
06882b,焔,1188b,2,1,086,,,,,,
07043,爾,1189a,2,8,089,,,,,,
07043b,爾,1189b,2,1,089,,,,,,
07248,獸,1190a,2,2,094,,,,,,
07248b,獸,1190b,2,1,094,,,,,,
08256,稻,1191a,2,5,115,,,,,,
08256b,稻,1191b,2,3,115,,,,,,
08438,策,1192a,2,1,118,,,,,,
08438b,策,1192b,2,1,118,,,,,,
09290,耳,1193,1,7,128,,,,,,
09522,膂,1194a,2,2,130,,,,,,
09522b,膂,1194b,2,1,130,,,,,,
09548,膩,1195a,2,2,130,,,,,,
09548b,膩,1195b,2,1,130,,,,,,
10160,薦,1196,1,2,140,,,,,,
10683,被,1197a,2,1,145,,,,,,
10683b,被,1197b,2,1,145,,,,,,
11332,負,1198a,2,1,154,,,,,,
11332b,負,1198b,2,1,154,,,,,,
11977,迺,1199a,2,3,162,,,,,,
11977b,迺,1199b,2,2,162,,,,,,
12927,隨,1200a,2,6,170,,,,,,
12927b,隨,1200b,2,1,170,,,,,,
12867,陵,1201a,2,2,170,,,,,,
12867b,陵,1201b,2,1,170,,,,,,
09994,葺,1202a,2,4,140,,,,,,
09994b,葺,1202b,2,4,140,,,,,,
10276,號,1203a,3,16,141,,,,,,
10276b,號,1203b,3,12,141,,,,,,
10276c,號,1203c,3,3,141,,,,,,
08522,篤,1501,0,1,118,,,,,,
09835,茸,1502,0,1,140,,,,,,