統合ID,文字,五一續高,字体数,用例数,部首
00026,丘,0001,0,1,001
00027,丙,0002,0,1,001
00006,丈,0003,0,1,001
00069,丹,0004,0,1,003
00108,乞,0005,0,1,005
00148,亟,0007,0,1,007
00161,亮,0008,0,1,008
00151,亢,0009,0,1,008
00152,交,0010,0,1,008
00483,僉,0011,0,1,009
00391,倫,0012,0,1,009
00217,伏,0013,0,1,009
00243,位,0014,0,1,009
00186,仙,0015,0,1,009
M00482,伹,0016,0,1,009
00228,伯,0017,0,1,009
00287,例,0018,0,1,009
00350,倶,0019,0,1,009
00516,儀,0020,0,1,009
00489,像,0021,0,1,009
00351,俳,0022,0,1,009
09656,舞,0023,0,1,136
00406,偈,0024,0,1,009
03136,徊,0025,0,1,060
00288,侍,0026,0,1,009
00236,伽,0027,0,1,009
00200,仲,0028,0,1,009
00317,侵,0029,0,1,009
00342,保,0030,0,1,009
00555,儼,0031,0,1,009
00212,伉,0032,0,1,009
00253,余,0033,0,1,009
00316,侶,0034,0,1,009
00449,傍,0035,0,1,009
00177,仍,0036,0,1,009
00421,健,0037,0,1,009
00501,僥,0038,0,1,009
00407,偉,0039,0,1,009
00387,倦,0040,0,1,009
00219,休,0041,0,1,009
00529,儐,0042,0,1,009
00182,仕,0043,0,1,009
00574,兒,0044,0,1,010
00579,兜,0045,0,1,010
00616,冀,0046,0,1,012
00602,兵,0047,0,1,012
00678,准,0048,0,1,015
00696,凝,0049,0,1,015
00698,几,0050,0,1,016
00803,剛,0051,0,1,018
00734,分,0052,0,1,018
00805,剝,0053,0,1,018
00782,刺,0054,0,1,018
00818,副,0055,0,1,018
00746,刑,0056,0,1,018
M02036,剗,0057,0,1,018
00732,刃,0058,0,1,018
00877,勃,0059,0,1,019
00888,勖,0060,0,1,019
00865,劫,0061,0,1,019
00856,力,0062,0,1,019
00953,匡,0063,0,1,022
00959,匪,0064,0,1,022
00991,升,0065,1,2,024
01019,卜,0066,0,1,025
01035,危,0067,0,1,026
01095,厲,0068,0,1,027
01127,取,0069,0,1,029
01116,反,0070,0,1,029
04350,斜,0071,0,1,068
01124,叔,0072,0,1,029
01571,嚫,0073,0,1,030
01176,后,0074,0,1,030
01245,呵,0075,0,1,030
01476,嘔,0076,0,1,030
01352,唳,0077,0,1,030
01586,囀,0078,0,1,030
01295,哀,0079,0,1,030
01172,吉,0080,0,1,030
01350,唱,0081,0,1,030
01236,呪,0082,0,1,030
10276,號,0083,0,1,141
01185,君,0084,0,1,030
01155,台,0085,0,1,030
01187,呑,0086,0,1,030
01158,右,0087,0,1,030
05609,歌,0088,0,1,076
01503,噉,0089,1,2,030
01180,吒,0090,0,1,030
01647,圖,0091,0,1,031
01654,土,0092,0,1,032
01796,報,0093,0,1,032
01783,提,0094,0,1,032
01799,堵,0095,0,1,032
01859,墨,0096,0,1,032
01882,壑,0097,0,1,032
01863,墮,0098,0,1,032
01851,墜,0099,0,1,032
01823,塞,0100,0,1,032
01834,塼,0101,0,1,032
01825,塡,0102,0,1,032
01877,壅,0103,0,1,032
01710,垂,0104,0,1,032
01850,墓,0105,0,1,032
01968,奄,0106,0,1,037
02015,奬,0107,0,1,037
02019,奮,0108,0,1,037
01972,奇,0109,0,1,037
02075,姑,0110,0,1,038
02275,孟,0111,0,1,039
02265,孕,0112,0,1,039
02282,孫,0113,0,1,039
02264,孔,0114,0,1,039
02327,宜,0115,0,1,040
02357,寂,0116,0,1,040
02267,字,0117,0,1,039
02333,宣,0118,0,1,040
02363,寇,0119,0,1,040
02346,害,0120,0,1,040
02371,寒,0121,0,1,040
02406,寵,0122,0,1,040
02395,審,0123,0,1,040
02323,官,0124,0,1,040
02316,宏,0125,0,1,040
02331,客,0126,0,1,040
02413,寸,0127,0,1,041
01913,壽,0128,0,1,033
02427,尉,0129,0,1,041
02471,尺,0130,0,1,044
02496,展,0131,0,1,044
02488,屋,0132,0,1,044
02473,尼,0133,0,1,044
02728,嶮,0134,0,1,046
02670,嵩,0135,0,1,046
02619,崖,0136,0,1,046
02559,岳,0137,0,1,046
02737,嶽,0138,0,1,046
02576,峙,0139,0,1,046
02754,巒,0140,0,1,046
02554,岫,0141,0,1,046
02614,崑,0142,0,1,046
02773,工,0143,0,1,048
02774,左,0144,0,1,048
02843,帳,0146,0,1,050
02928,序,0147,0,1,053
02984,廕,0148,0,1,053
02952,庭,0149,0,1,053
02992,廢,0150,0,1,053
M09440,,0151,0,1,053
03027,弊,0152,0,1,055
03017,弄,0153,0,1,055
03055,弦,0154,0,1,057
03115,彰,0155,0,1,059
03113,彭,0156,0,1,059
03111,彫,0157,0,1,059
03141,徐,0158,0,1,060
03165,微,0160,0,1,060
03497,憎,0161,0,1,061
03284,恢,0162,0,1,061
03482,慾,0163,0,1,061
03511,憚,0164,0,1,061
03453,慙,0165,0,1,061
03587,懺,0166,0,1,061
03481,㥻,0167,0,1,061
03586,懸,0168,0,1,061
03245,怨,0169,0,1,061
03289,恥,0170,0,1,061
03243,急,0171,0,1,061
03549,懈,0172,0,1,061
03534,憶,0173,0,1,061
03415,愨,0174,0,1,061
03463,慨,0175,0,1,061
03298,息,0176,0,1,061
03367,惡,0177,0,1,061
03589,懼,0178,0,1,061
03373,想,0179,0,1,061
03607,戎,0180,0,1,062
03638,戴,0181,0,1,062
03692,抁,0183,0,1,064
03947,搖,0184,0,1,064
04089,操,0185,0,1,064
03725,抽,0186,0,1,064
03744,拏,0187,0,1,064
03874,探,0188,0,1,064
04070,撰,0189,0,1,064
04191,攜,0190,0,1,064
03757,拘,0191,0,1,064
03952,搜,0192,0,1,064
03881,掩,0193,0,1,064
03661,才,0194,0,1,064
04085,擇,0195,0,1,064
03704,抑,0196,0,1,064
04072,撲,0197,0,1,064
03892,揆,0198,0,1,064
03851,掃,0199,0,1,064
03720,抱,0200,0,1,064
03939,損,0201,0,1,064
03722,抵,0202,0,1,064
03764,括,0203,0,1,064
04142,擾,0204,1,2,064
03711,折,0205,0,1,064
04009,摩,0206,0,1,064
03865,掘,0207,0,1,064
04008,摧,0208,0,1,064
04258,敘,0209,0,1,066
04281,敦,0210,0,1,066
04251,效,0211,0,1,066
04402,旅,0213,0,1,070
04391,施,0214,0,1,070
04558,景,0216,0,1,072
04619,曄,0217,0,1,072
04505,昧,0218,0,1,072
04461,旱,0219,0,1,072
04620,曆,0220,0,1,072
04636,曜,0221,0,1,072
04587,暑,0222,0,1,072
04623,曉,0223,0,1,072
04575,暄,0224,0,1,072
04499,星,0225,0,1,072
04591,暗,0226,0,1,072
04490,昔,0227,0,1,072
04530,晉,0228,0,1,072
09216,翔,0229,0,1,124
09411,胡,0230,0,1,130
04690,朗,0231,0,1,074
09379,育,0232,0,1,130
04807,枝,0233,0,1,075
04904,校,0234,0,1,075
05285,樊,0236,0,1,075
04781,板,0237,0,1,075
05487,櫬,0238,0,1,075
04977,梓,0239,0,1,075
05014,棄,0240,0,1,075
M14981,棳,0241,0,1,075
05025,棒,0242,0,1,075
04738,材,0243,0,1,075
05302,標,0244,0,1,075
05323,樹,0245,0,1,075
04848,染,0246,0,1,075
04941,桑,0247,0,1,075
05167,楹,0248,0,1,075
05420,檢,0249,0,1,075
05037,棟,0250,0,1,075
04849,柔,0251,0,1,075
04980,梗,0252,0,1,075
04735,李,0253,0,1,075
05588,欻,0254,0,1,076
05591,款,0255,0,1,076
05707,殆,0256,0,1,078
05777,殯,0257,0,1,078
05717,殊,0258,0,1,078
05812,毀,0259,0,1,079
06058,況,0260,0,1,085
06428,滂,0261,0,1,085
06487,漏,0262,0,1,085
06291,淹,0263,0,1,085
06128,津,0264,0,1,085
05963,汁,0265,0,1,085
06439,滌,0266,0,1,085
06548,潛,0267,0,1,085
M17469,,0268,0,1,085
06125,洞,0269,0,1,085
06651,濫,0270,0,1,085
06481,漆,0271,0,1,085
06476,滿,0272,0,1,085
06532,潔,0273,0,1,085
06499,漢,0274,0,1,085
06056,沾,0275,0,1,085
06003,決,0276,0,1,085
06182,海,0277,0,1,085
06084,泠,0278,0,1,085
06175,浮,0279,0,1,085
06029,沖,0280,0,1,085
06286,淳,0281,0,1,085
06381,湯,0282,0,1,085
06404,溝,0283,0,1,085
05996,汲,0284,0,1,085
05983,汝,0285,0,1,085
05985,江,0286,0,1,085
05979,汙,0287,0,1,085
06144,洹,0288,0,1,085
06020,沐,0289,0,1,085
06432,滅,0290,0,1,085
06587,澡,0291,0,1,085
06403,溜,0292,0,1,085
12266,酒,0293,0,1,164
06275,淪,0294,0,1,085
06750,灑,0295,0,1,085
06784,灰,0296,0,1,086
06882,焰,0297,0,1,086
06776,火,0298,0,1,086
06898,煕,0299,0,1,086
06922,煬,0300,0,1,086
06918,照,0301,0,1,086
14039,鬱,0302,0,1,192
07030,爰,0303,0,1,087
07048,片,0304,0,1,091
07063,牖,0305,0,1,091
07134,狎,0306,0,1,094
07162,狹,0307,0,1,094
06617,濁,0308,0,1,085
07180,猛,0309,0,1,094
07165,狼,0310,0,1,094
07346,瑞,0311,0,1,096
07386,環,0312,0,1,096
07261,玉,0314,0,1,096
07339,瑕,0315,0,1,096
07331,瑀,0316,0,1,096
07452,甕,0317,0,1,098
07444,甍,0318,0,1,098
07426,瓶,0319,0,1,098
07456,甘,0320,0,1,099
07457,甚,0321,0,1,099
07464,産,0322,0,1,100
07598,病,0323,0,1,104
07580,疲,0324,0,1,104
07674,癈,0325,0,1,104
07771,盜,0326,0,1,108
07902,瞰,0327,0,1,109
07909,瞽,0328,0,1,109
07843,眼,0329,0,1,109
07981,砭,0330,0,1,112
07986,破,0331,0,1,112
08077,礙,0332,0,1,112
08019,碑,0333,0,1,112
10709,裕,0334,0,1,145
08238,稟,0335,0,1,115
08121,祛,0336,0,1,113
08176,禽,0337,0,1,114
08180,私,0338,0,1,115
08204,秦,0339,0,1,115
08291,穴,0340,0,1,116
08337,窺,0341,0,1,116
08300,穿,0342,0,1,116
11258,豎,0343,0,1,151
08365,竟,0344,0,1,117
08380,競,0345,0,1,117
08501,築,0346,0,1,118
08438,策,0347,0,1,118
08390,笈,0348,0,1,118
08576,簪,0349,0,1,118
08718,糧,0350,0,1,119
08679,粹,0351,0,1,119
08689,糅,0352,0,1,119
08868,綜,0353,0,1,120
09047,繼,0354,0,1,120
09013,繕,0355,0,1,120
08884,綱,0356,0,1,120
08915,緘,0357,0,1,120
08938,練,0358,0,1,120
08761,紜,0359,0,1,120
08753,純,0360,0,1,120
08758,紙,0361a,2,1,120
08758b,紙,0361b,2,1,120
08899,綿,0362,0,1,120
08754,紕,0363,0,1,120
08760,紛,0364,0,1,120
09046,繻,0365,0,1,120
09061,續,0366,0,1,120
08934,緯,0367,0,1,120
09073,纔,0368,0,1,120
09125,罪,0369,0,1,122
09144,羅,0370,0,1,122
09150,羊,0371,0,1,123
09236,翰,0372,0,1,124
09195,羽,0373,0,1,124
09218,翕,0374,0,1,124
09292,耶,0375,0,1,128
09336,聾,0376,0,1,128
09345,肆,0377,0,1,129
09446,脕,0378,0,1,130
09394,背,0379,0,1,130
09463,脱,0380,0,1,130
09535,膏,0381,0,1,130
09601,臨,0382,0,1,131
09617,臺,0383,0,1,133
09643,舒,0384,0,1,135
09715,艱,0385,0,1,138
09894,菁,0386,0,1,140
09795,英,0387,0,1,140
09810,茅,0388,0,1,140
08353,竊,0389,0,1,116
10104,蕑,0390,0,1,140
10231,蘇,0391,0,1,140
09808,范,0392,0,1,140
10123,蕩,0393,0,1,140
09782,苟,0394,0,1,140
09867,莅,0395,0,1,140
07258,玆,0396,0,1,095
09941,萌,0397,0,1,140
09823,茨,0398,0,1,140
09759,芳,0399,0,1,140
10072,蔓,0400,0,1,140
M30851,䒫,0401,0,1,140
09994,葺,0402,0,1,140
09753,芬,0403,0,1,140
09804,苾,0404,0,1,140
10264,虎,0405,0,1,141
03466,慮,0406,0,1,061
10282,虧,0407,0,1,141
10318,蚤,0408,0,1,142
10476,蝨,0409,0,1,142
10549,蟲,0410,0,1,142
10631,衡,0411,0,1,144
10732,製,0412,0,1,145
10744,褐,0413,0,1,145
10724,裳,0414,0,1,145
M34205,袠,0415,0,1,145
10712,裙,0416,0,1,145
10714,補,0417,0,1,145
10736,複,0418,0,1,145
10826,覆,0419,0,1,146
10858,覿,0420,0,1,147
07870,睹,0421,0,1,109
10833,規,0422,0,1,147
10887,觸,0423,0,1,148
11189,譬,0424,0,1,149
11116,謗,0425,0,1,149
11092,謀,0426,0,1,149
11038,調,0427,0,1,149
11006,誑,0428,0,1,149
11121,謝,0429,0,1,149
11046,談,0430,0,1,149
10957,詐,0431,0,1,149
11028,誰,0432,0,1,149
11008,誓,0433,0,1,149
10925,訪,0434,0,1,149
11010,誕,0435,0,1,149
11200,護,0436,0,1,149
10946,詁,0437,0,1,149
10913,託,0438,0,1,149
10909,訓,0439,0,1,149
10972,詢,0440,0,1,149
10914,記,0441,0,1,149
10917,訝,0442,0,1,149
11094,謁,0443,0,1,149
11117,謙,0444,0,1,149
11292,豸,0445,0,1,153
11343,貫,0446,0,1,154
11429,贈,0447,0,1,154
11373,資,0448,0,1,154
11339,貨,0449,0,1,154
11374,賈,0450,0,1,154
11404,質,0451,0,1,154
11361,貽,0452,0,1,154
11354,貳,0453,0,1,154
11485,趣,0454,0,1,156
11454,走,0455,0,1,156
11471,越,0456,0,1,156
11542,跪,0457,0,1,157
11541,跨,0458,0,1,157
11646,蹤,0459,0,1,157
11515,跋,0460,0,1,157
11716,躬,0461,0,1,158
11799,輒,0462,0,1,159
11827,輪,0463,0,1,159
11763,軟,0464,0,1,159
11893,辛,0465,0,1,160
12040,遇,0466,0,1,162
11983,送,0467,0,1,162
M39111,,0468,0,1,162
12027,逸,0469,0,1,162
11996,逕,0470,0,1,162
11937,迅,0471,0,1,162
12091,遵,0472,0,1,162
12092,遶,0473,0,1,162
12062,遙,0474,0,1,162
11976,迹,0475,0,1,162
12110,邃,0476,0,1,162
12115,邊,0477,0,1,162
12082,遭,0478,0,1,162
11984,逃,0479,0,1,162
12054,違,0480,0,1,162
12003,速,0481,0,1,162
12087,遲,0482,0,1,162
12229,鄭,0483,0,1,163
12134,那,0484,0,1,163
12131,邡,0485,0,1,163
12179,郭,0486,0,1,163
12212,鄙,0487,0,1,163
12350,醴,0488,0,1,164
12262,酌,0489,0,1,164
12372,里,0491,0,1,166
12694,鑿,0492,0,1,167
12473,銷,0493,0,1,167
12418,鈴,0494,0,1,167
12464,銘,0495,0,1,167
12388,釣,0496,0,1,167
12526,錫,0497,0,1,167
12411,鈔,0498,0,1,167
12665,鑑,0499,0,1,167
12692,鑽,0500,0,1,167
12751,閲,0501,0,1,169
12714,閉,0502,0,1,169
12724,間,0503,0,1,169
12755,閹,0504,0,1,169
12795,闡,0505,0,1,169
12782,闔,0506,0,1,169
12778,闐,0507,0,1,169
12790,關,0508,0,1,169
12862,陰,0509,0,1,170
12874,陻,0510,0,1,170
12802,阜,0511,0,1,170
12855,除,0512,0,1,170
12851,陟,0513,0,1,170
12904,隒,0514,0,1,170
12830,阿,0515,0,1,170
12913,際,0516,0,1,170
12905,隙,0517,0,1,170
12945,隸,0518,0,1,171
12964,雇,0519,1,2,172
12994,雙,0520,0,1,172
13023,雷,0521,0,1,173
13063,霧,0522,0,1,173
13015,雪,0523,0,1,173
13045,霑,0524,0,1,173
13095,青,0525,0,1,174
13107,靡,0526,0,1,175
13108,面,0527,0,1,176
13192,鞭,0528,0,1,177
13290,韻,0529,0,1,180
13293,響,0530,0,1,180
13395,顚,0531,0,1,181
13313,預,0532,0,1,181
13296,頂,0533,0,1,181
11411,賴,0534,0,1,154
13377,額,0535,0,1,181
13508,飢,0536,0,1,184
13552,餌,0537,0,1,184
13542,飾,0538,0,1,184
13661,首,0539,0,1,185
13820,騰,0540,0,1,187
13839,驅,0541,0,1,187
13959,髮,0542,0,1,190
13958,髭,0543,0,1,190
14061,鬼,0544,0,1,194
14084,魏,0545,0,1,194
14378,鳳,0546,0,1,196
14659,麤,0547,0,1,198
14621,鹿,0548,0,1,198
14668,麪,0549,0,1,199
14700,黎,0550,0,1,202
14725,點,0551,0,1,203
14730,黨,0552,0,1,203
14769,鼎,0553,0,1,206
14809,鼻,0554,0,1,209
14833,齒,0555,0,1,211
00001,一,0556,1,34,001
00009,下,0557,1,8,001
00013,不,0558,1,73,001
00007,三,0560,1,11,001
00025,世,0561,1,14,001
09629,與,0562a,2,8,134
09629b,與,0562b,2,2,134
00008,上,0563,1,6,001
00004,七,0564,1,11,001
08361,竝,0565,1,10,117
00020,且,0567,1,2,001
00051,中,0568,1,23,002
00088,之,0569,1,80,004
00078,乃,0571,1,25,004
00085,久,0572,1,5,004
00092,乎,0573,1,3,004
00102,乘,0574,1,9,004
00109,也,0575,1,37,005
00121,亂,0576,1,2,005
00107,九,0577,1,8,005
00128,事,0578,1,19,006
00125,了,0579,1,2,006
00129,二,0580,1,7,007
00135,五,0581,1,18,007
00132,于,0582,1,16,007
00133,云,0583,1,6,007
00150,亡,0584,1,2,008
00157,京,0585,1,8,008
00168,人,0586,1,41,009
00194,以,0587,1,56,009
00345,信,0589,1,9,009
00338,俗,0590,1,19,009
00299,供,0591,1,10,009
00503,僧,0592,1,19,009
00206,任,0593,1,6,009
00245,住,0594,1,19,009
00170,仁,0595,1,4,009
00321,便,0596,1,19,009
00282,來,0597,1,13,009
00255,佛,0598,1,14,009
00250,何,0599,1,7,009
00417,停,0600,1,4,009
00192,代,0601,1,4,009
00235,似,0602,1,2,009
00373,倒,0603,1,4,009
00240,但,0604,1,9,009
00301,依,0605,1,6,009
00279,使,0606,1,3,009
00312,侮,0607,1,2,009
00256,作,0608a,2,2,009
00256b,作,0608b,2,1,009
00180,什,0609,1,2,009
00429,側,0610,1,3,009
00313,侯,0611,1,2,009
00215,伍,0612,1,2,009
00475,傾,0613,1,2,009
00199,仰,0614,1,5,009
00385,値,0615,1,2,009
00532,儔,0616,1,2,009
00193,令,0617,1,3,009
00244,低,0618,1,2,009
00368,倍,0619,1,2,009
00468,傳,0620,1,3,009
00411,偏,0621,1,3,009
00524,儉,0622,1,2,009
00263,佩,0623,1,2,009
00542,優,0624,1,2,009
04984,條,0625,1,2,075
00183,他,0626,1,3,009
00213,伊,0627,1,2,009
00402,偃,0628,1,2,009
00561,兄,0629,1,5,010
00566,先,0630,1,7,010
00562,充,0631,1,2,010
00567,光,0632,1,6,010
00570,免,0633,1,2,010
00560,元,0634,1,2,010
00591,兩,0635,1,9,011
00582,入,0636,1,17,011
00585,内,0637,1,4,011
00605,其,0638,1,43,012
00596,公,0639,1,8,012
00608,典,0640,1,2,012
00599,共,0641,1,3,012
00597,六,0642,1,9,012
00613,兼,0643,1,4,012
00594,八,0644,1,9,012
00651,冥,0645,1,2,014
00646,冠,0646,1,2,014
05558,次,0647,1,4,076
00662,冬,0648,1,2,015
00701,凡,0649,1,3,016
00725,函,0650,1,2,017
00723,出,0651,1,16,017
00761,判,0652,1,2,018
00767,利,0653,1,4,018
00754,列,0654,1,2,018
00787,剃,0655,1,2,018
00789,則,0656,1,5,018
00794,前,0657,1,15,018
00792,剋,0658,1,2,018
00824,創,0659,1,2,018
00763,別,0660,1,4,018
00857,功,0661,1,4,019
00887,動,0662,1,5,019
00911,勵,0663,1,3,019
00913,勸,0664,1,2,019
00879,勅,0665,1,5,019
00890,務,0666,1,6,019
00881,勇,0667,1,3,019
00858,加,0668,1,4,019
00893,勝,0669,1,6,019
00894,勞,0670,1,3,019
00919,勿,0671,1,2,020
00941,北,0672,1,8,021
00938,化,0673,1,6,021
00952,匠,0674,1,2,022
01004,卒,0675,1,2,024
00985,十,0676,1,30,024
00988,廿,0677,1,2,024
00989,卅,0678,1,2,024
00997,卌,0679,1,2,024
01003,卑,0680,1,3,024
00987,千,0681,1,10,024
01010,南,0682,1,6,024
01038,却,0683,1,2,026
01049,卽,0684,1,19,026
01040,卷,0685,1,7,026
01074,原,0686,1,3,027
01068,厚,0687,1,2,027
01101,去,0688,1,2,028
01104,參,0689,1,2,028
01112,友,0690,1,3,029
01128,受,0691,1,12,029
01108,又,0692,1,28,029
01111,及,0693,1,11,029
01263,和,0694,1,3,030
01178,吐,0695,1,3,030
01296,品,0696,1,4,030
01141,口,0697,1,4,030
01427,單,0698,1,3,030
01217,吾,0699,1,9,030
01252,命,0700,1,7,030
01312,咲,0701,1,2,030
01168,各,0702,1,4,030
01242,味,0703,1,3,030
01395,善,0704,1,7,030
01157,史,0705,1,4,030
01479,嘗,0706,1,2,030
01150,召,0707,1,4,030
01373,啓,0708,1,2,030
01305,哉,0709,1,2,030
01412,喜,0710,1,2,030
01466,嘆,0711,1,2,030
01175,名,0712,1,12,030
01154,可,0713,1,7,030
01235,周,0714,1,4,030
01143,句,0715,1,4,030
01342,唐,0716,1,3,030
01451,嗟,0717,1,3,030
01142,古,0718,1,2,030
01523,器,0719,1,2,030
01197,含,0720,1,3,030
01170,合,0721,1,5,030
01219,告,0722,1,4,030
01179,向,0723,1,5,030
01174,同,0724,1,16,030
01369,問,0725,1,8,030
01627,固,0726,1,3,031
01607,四,0727,1,9,031
01639,國,0728,1,3,031
01611,因,0729,1,5,031
01853,增,0730,1,5,032
01818,塗,0731,1,2,032
01666,地,0732,1,6,032
01740,城,0733,1,5,032
01676,坊,0734,1,5,032
01816,塔,0735,1,7,032
01895,壞,0736,1,4,032
01755,執,0737,1,4,032
01758,基,0738,1,2,032
01839,境,0739,1,2,032
01659,在,0740,1,11,032
01765,堂,0741,1,2,032
01831,塵,0742,1,3,032
01738,埋,0743,1,3,032
01903,士,0744,1,4,033
01927,夏,0745,1,7,035
01938,多,0746,1,6,036
01934,外,0747,1,2,036
01939,夜,0748,1,5,036
01932,夕,0749,1,2,036
01936,夙,0750,1,2,036
01946,大,0751,1,22,037
01948,太,0752,1,5,037
01947,天,0753,1,8,037
01957,失,0754,1,2,037
01974,奉,0755,1,11,037
01981,奏,0756,1,5,037
01949,夫,0757,1,8,037
02077,姓,0758,1,6,038
02177,媚,0759,1,2,038
02031,如,0760,1,17,038
02069,始,0761,1,4,038
02105,威,0762,1,2,038
02033,妄,0763,1,5,038
02022,女,0764,1,2,038
02061,妻,0765,1,3,038
02029,好,0766,1,2,038
02268,存,0767,1,11,039
02293,學,0768,1,9,039
02262,子,0769,1,13,039
02352,容,0770,1,3,040
02386,寡,0771,1,3,040
02396,寫,0772,1,9,040
02390,實,0773,1,2,040
02309,安,0774,1,7,040
02358,寄,0775,1,2,040
02325,定,0776,1,11,040
02407,寶,0777,1,6,040
02307,宇,0778,1,2,040
02361,密,0779,1,3,040
02332,室,0780,1,3,040
02342,宮,0781,1,3,040
02322,宗,0782,1,2,040
02366,富,0783,1,3,040
02392,寧,0784,1,3,040
02312,宋,0785,1,3,040
02349,家,0786,1,11,040
02426,專,0787,1,8,041
02429,尊,0788,1,5,041
02415,寺,0789,1,31,041
02430,尋,0790,1,6,041
02435,對,0791,1,4,041
02425,將,0792,1,11,041
11918,辱,0793,1,2,161
02436,導,0794,1,2,041
02420,封,0795,1,3,041
02440,少,0796,1,5,042
02439,小,0797,1,6,042
02446,尚,0798,1,7,042
02464,就,0799,1,7,043
02456,尤,0800,1,2,043
02480,局,0801,1,2,044
02482,居,0802,1,5,044
02489,屍,0803,1,2,044
02515,屬,0804,1,10,044
02469,尸,0805,1,2,044
02528,山,0806,1,25,046
02757,巖,0807,1,6,046
02607,崇,0808,1,2,046
02589,峯,0809,1,2,046
02734,嶺,0810,1,2,046
02640,崩,0811,1,2,046
02564,岸,0812,1,2,046
02764,州,0813,1,14,047
02762,川,0814,1,2,047
02783,已,0815,1,12,049
02847,常,0816,1,19,050
02800,布,0817,1,3,050
02835,師,0818,1,8,050
02820,帝,0819,1,4,050
02900,年,0820,1,34,051
09106,罕,0821,1,5,122
02902,并,0822,1,4,051
02909,幼,0823,1,2,052
02912,幽,0824,1,3,052
02938,府,0825,1,4,053
02980,廓,0826,1,3,053
02944,度,0827,1,8,053
02993,廣,0828,1,8,053
02963,庸,0829,1,3,053
03005,延,0830,1,3,054
03084,彌,0831,1,10,057
03065,張,0832,1,2,057
03047,弘,0833,1,7,057
03052,弟,0834,1,7,057
03064,弱,0835,1,2,057
03044,引,0836,1,4,057
03101,形,0837,1,3,059
03137,律,0838,1,3,060
03138,後,0839,1,23,060
03172,德,0840,1,16,060
03128,往,0841,1,13,060
03124,彼,0842,1,4,060
03171,徵,0843,1,8,060
03143,徒,0844a,2,2,060
03143b,徒,0844b,2,2,060
03151,從,0845,1,6,060
03159,復,0846,1,8,060
03132,待,0847,1,3,060
03179,心,0848,1,20,061
03409,感,0849,1,15,061
03462,慧,0850,1,15,061
03335,悲,0851,1,3,061
03365,惟,0852,1,13,061
03196,忘,0853,1,4,061
03297,恭,0854,1,4,061
03248,怪,0855,1,4,061
03439,慈,0856,1,2,061
03299,恰,0857,1,2,061
03329,患,0858,1,3,061
03366,惠,0859,1,2,061
01016,博,0860,1,3,024
03219,忽,0861,1,2,061
03241,怡,0862,1,3,061
03372,惱,0863,1,2,061
03405,愛,0864,1,3,061
03395,意,0865,1,4,061
03320,悔,0866,1,4,061
03233,怖,0867,1,2,061
03348,情,0868,1,10,061
03272,恐,0869,1,5,061
03239,思,0870,1,5,061
03404,愚,0871,1,2,061
03550,應,0872,1,2,061
03429,愼,0873,1,2,061
03474,慶,0874,1,2,061
03458,慢,0875,1,2,061
03180,必,0876,1,10,061
03194,志,0877,1,10,061
03184,忍,0878,1,2,061
03244,性,0879,1,8,061
03326,悟,0880,1,9,061
03240,怠,0881,1,3,061
03267,恆,0882,1,9,061
03585,懷,0883,1,6,061
03617,或,0884,1,7,062
03611,我,0885,1,4,062
03612,戒,0886,1,5,062
03610,成,0887,1,14,062
03646,房,0888,1,5,063
03647,所,0889,1,28,063
04888,栖,0890,1,3,075
08993,總,0891,1,7,120
03878,接,0892,1,3,064
03768,拱,0893,1,2,064
03799,振,0894,1,3,064
04082,擁,0895,1,2,064
03659,手,0896,1,2,064
03694,抄,0897,1,2,064
03872,採,0898,1,4,064
03690,承,0899,1,5,064
03780,持,0900,1,15,064
04130,擲,0901,1,2,064
04192,攝,0902,1,5,064
03904,揚,0903,1,2,064
09632,擧,0904,1,3,134
03880,推,0905,1,3,064
03708,投,0906,1,3,064
03858,掌,0907,1,2,064
04122,擬,0908,1,2,064
03835,捨,0909,1,2,064
03825,捐,0910,1,2,064
03783,指,0911,1,5,064
03855,授,0912,1,2,064
03761,拜,0913,1,3,064
04261,教,0914,1,8,066
04228,改,0915,1,2,066
04296,敷,0916,1,2,066
04298,數,0917,1,4,066
04280,散,0918,1,4,066
04286,敬,0919,1,7,066
04243,故,0920,1,21,066
04321,文,0921a,2,12,067
04321b,文,0921b,2,1,067
04381,斷,0922,1,3,069
04373,斯,0923,1,14,069
04376,新,0924,1,3,069
04385,方,0925,1,13,070
04406,旋,0926,1,3,070
04389,於,0927,1,24,070
04394,旁,0928,1,3,070
04442,旣,0929,1,16,071
04539,晩,0930,1,2,072
04557,普,0931,1,2,072
04523,時,0932,1,33,072
04640,曠,0933,1,2,072
04512,是,0934,1,13,072
04446,日,0935,1,15,072
04485,明,0936,1,10,072
04450,旨,0937,1,4,072
04542,晝,0938,1,3,072
04484,昌,0939,1,4,072
04503,春,0940,1,6,072
04569,智,0941,1,8,072
04486,昏,0942,1,2,072
04554,晨,0943,1,3,072
04661,曾,0944,1,5,073
04654,更,0945,1,4,073
04657,書,0946,1,6,073
04667,會,0947,1,10,073
04650,曰,0948,1,26,073
04651,曲,0949,1,4,073
04693,望,0950,1,5,074
04696,朝,0951,1,5,074
04679,服,0952,1,4,074
04674,有,0953,1,56,074
04673,月,0955,1,12,074
04699,期,0956,1,2,074
05361,橘,0957,1,2,075
05310,模,0958,1,3,075
04725,朽,0959,1,3,075
04967,梁,0960,1,4,075
05165,楷,0961,1,2,075
05210,榮,0962,1,4,075
05368,機,0963,1,2,075
04739,村,0964,1,3,075
04922,根,0965,1,2,075
05161,極,0966,1,5,075
04806,果,0967,1,3,075
04803,林,0968,1,4,075
05123,楊,0969,1,3,075
05381,橫,0970,1,2,075
04713,本,0971,1,15,075
04780,松,0972,1,3,075
04765,東,0973,1,6,075
04933,案,0974,1,3,075
05152,業,0975,1,19,075
04813,枯,0976,1,2,075
05529,權,0977,1,2,075
04711,未,0978,1,15,075
04712,末,0979,1,4,075
05279,樂,0980,1,6,075
05580,欲,0981,1,3,076
05561,欣,0982,1,4,076
05639,歡,0983,1,2,076
05676,歸,0984,1,4,077
05643,正,0985,1,14,077
05644,此,0986,1,13,077
05670,歷,0987,1,2,077
05649,武,0988,1,5,077
05686,死,0989,1,7,078
05834,母,0990,1,2,080
05836,每,0991,1,8,080
05841,比,0992,1,3,081
05850,毛,0993,1,2,082
05935,民,0994,1,3,083
05932,氏,0995,1,13,083
05947,氣,0996,1,4,084
05952,水,0997,1,8,085
06641,濟,0998,1,5,085
06074,法,0999,1,47,085
06273,淩,1000,1,2,085
06031,沙,1001,1,10,085
06290,清,1002,1,13,085
06365,湛,1003,1,3,085
05964,求,1004,1,2,085
06063,泉,1005,1,7,085
06086,波,1006,1,2,085
06193,涉,1007,1,2,085
06045,河,1008,1,2,085
06230,涼,1009,1,3,085
06120,洗,1010,1,2,085
06179,浴,1011,1,2,085
06134,洪,1012,1,2,085
05971,汎,1013,1,2,085
06189,涅,1014,1,7,085
06285,深,1015,1,6,085
06462,滯,1016,1,5,085
06091,注,1017,1,4,085
06551,澗,1018,1,2,085
06055,治,1019,1,3,085
06088,泥,1020,1,4,085
06151,流,1021,1,6,085
06326,温,1022,1,4,085
06173,浪,1023,1,2,085
05957,永,1024,1,2,085
05986,池,1025,1,2,085
06872,無,1026,1,37,086
06801,炎,1027,1,2,086
06984,營,1028,1,3,086
07012,爐,1029,1,2,086
06941,熏,1030,1,2,086
06861,焉,1031,1,12,086
06978,燒,1032,1,3,086
07035,父,1033,1,4,088
02924,床,1034,1,2,053
07080,物,1035,1,3,093
07086,特,1036,1,4,093
07203,猶,1037,1,5,094
07122,狀,1038,1,3,094
07248,獸,1039,1,2,094
07256,玄,1040,1,3,095
07259,率,1041,1,3,095
07304,現,1042,1,4,096
07307,理,1043,1,6,096
07262,王,1044,1,3,096
07287,珍,1045,1,3,096
07394,瓊,1046,1,8,096
07461,生,1047,1,15,100
07469,用,1048,1,14,101
07535,當,1049,1,6,102
07479,由,1050,1,6,102
07525,畫,1051,1,2,102
07522,略,1052,1,8,102
07530,異,1053,1,10,102
07508,留,1054,1,3,102
07478,田,1055,1,3,102
07513,畜,1056,1,2,102
07559,疑,1057,1,3,103
07591,疾,1058,1,5,104
07706,登,1059,1,5,105
07707,發,1060,1,7,105
07709,白,1061,1,3,106
07712,皁,1062,1,2,106
07710,百,1063,1,6,106
07717,皆,1064,1,7,106
07759,益,1065,1,2,108
07779,盡,1066,1,6,108
07758,盈,1067,1,4,108
07770,盛,1068,1,3,108
07801,相,1069,1,24,109
07844,眾,1070,1,13,109
07807,省,1071,1,4,109
07817,看,1072,1,3,109
07790,目,1073,1,5,109
07799,直,1074,1,3,109
07827,眞,1075,1,3,109
07796,盲,1076,1,2,109
07941,知,1077,1,10,111
07954,石,1078,1,8,112
08124,神,1079,1,8,113
08108,祈,1080,1,2,113
08162,禪,1081,1,13,113
08117,祖,1082,1,3,113
08097,示,1083,1,2,113
08141,祿,1084,1,2,113
08187,秋,1085,1,6,115
08269,積,1086,1,6,115
08248,稱,1087,1,6,115
08212,移,1088,1,3,115
08279,穢,1089,1,3,115
08179,秀,1090,1,3,115
08323,窟,1091a,2,1,116
08323b,窟,1091b,2,1,116
08296,空,1092,1,3,116
08329,窮,1093,1,2,116
08354,立,1094,1,5,117
08371,童,1095,1,3,117
08376,端,1096,1,4,117
08375,竭,1097,1,3,117
08366,章,1098,1,2,117
05404,檐,1099,1,2,075
08429,筌,1100,1,2,118
08437,答,1101,1,2,118
08497,範,1102,1,2,118
08412,第,1103,1,2,118
08423,筆,1104,1,3,118
08408,符,1105,1,2,118
08426,等,1106,1,6,118
08493,節,1107,1,2,118
08522,篤,1108,1,2,118
08382,竹,1109,1,2,118
M25860,笁,1110,1,2,118
08654,粒,1111,1,2,119
04346,料,1112,1,2,068
12371,釋,1113,1,14,165
08685,精,1114,1,4,119
08795,終,1115,1,21,120
08856,經,1116,1,36,120
08924,緣,1117,1,6,120
08767,索,1118,1,2,120
08735,紀,1119,1,3,120
08972,縣,1120,1,7,120
08778,累,1121,1,4,120
08997,繁,1122,1,3,120
08773,紫,1123,1,2,120
08814,絜,1124,1,3,120
08913,緒,1125,1,2,120
08982,縱,1126,1,2,120
08739,紅,1127,1,2,120
08833,統,1128,1,3,120
08809,絶,1129,1,6,120
08822,給,1130,1,4,120
08747,納,1131,1,3,120
08765,素,1132,1,9,120
08807,結,1133,1,3,120
08738,約,1134,1,3,120
09155,美,1135,1,3,123
09177,義,1136,1,10,123
09128,置,1137,1,4,122
09214,習,1138,1,4,124
09240,翹,1139,1,3,124
09255,者,1140,1,29,125
09250,老,1141,1,4,125
09264,而,1142,1,41,126
09290,耳,1143,1,5,128
09315,聞,1144,1,20,128
09308,聖,1145,1,8,128
09335,聽,1146,1,5,128
09328,聲,1147,1,5,128
09314,聚,1148,1,2,128
09344,肅,1149,1,2,129
09429,能,1150,1,9,130
09486,腐,1151,1,2,130
09462,脩,1152,1,5,130
09459,脣,1153,1,2,130
09348,肉,1154,1,2,130
09425,胸,1155,1,2,130
09572,臆,1156,1,2,130
09599,臥,1157,1,2,131
09602,自,1158,1,32,132
09605,臭,1159,1,3,132
09610,至,1160,1,25,133
09630,興,1161,1,4,134
09636,舌,1162,1,10,135
09638,舍,1163,1,4,135
09716,色,1164,1,5,139
09919,菩,1165,1,2,140
09985,葬,1166,1,4,140
10191,藏,1167,1,12,140
09758,花,1168,1,7,140
09921,華,1169,1,23,140
10189,藍,1170,1,6,140
09886,莫,1171,1,6,140
09954,萬,1172a,2,4,140
09954b,萬,1172b,2,2,140
09972,著,1173,1,2,140
10204,藥,1174,1,2,140
10163,薩,1175,1,3,140
09789,苦,1176,1,3,140
10128,蕭,1177,1,3,140
M31358,萹,1178,1,3,140
10008,蒙,1179,1,2,140
01943,夢,1180,1,2,036
09846,草,1181,1,4,140
10139,薄,1182,1,3,140
09961,落,1183a,2,3,140
09961b,落,1183b,2,1,140
10272,虛,1184,1,4,141
10270,處,1185,1,6,141
10390,蜀,1186,1,2,142
10618,術,1187,1,2,144
10630,衞,1188,1,2,144
10614,行,1189,1,30,144
10643,表,1190,1,4,145
10683,被,1191,1,2,145
10637,衣,1192,1,4,145
10820,西,1193,1,6,146
10822,要,1194,1,10,146
10848,親,1195,1,4,147
10856,覺,1196,1,4,147
10857,覽,1197,1,2,147
10837,視,1198,1,4,147
10831,見,1199,1,14,147
10859,觀,1200,1,21,147
10875,解,1201,1,6,148
11155,證,1202,1,2,149
11029,課,1203,1,2,149
04319,變,1204,1,2,066
11049,請,1205,1,9,149
11002,誌,1206,1,2,149
11171,識,1207,1,7,149
10896,計,1208,1,5,149
11207,讀,1209,1,21,149
10959,詔,1210,1,2,149
11019,誡,1211,1,2,149
10967,詞,1212,1,3,149
10930,許,1213,1,3,149
11017,語,1214,1,4,149
11067,諠,1215,1,2,149
11195,議,1216,1,3,149
11134,謬,1217,1,2,149
11018,誠,1218,1,14,149
11085,諸,1219,1,17,149
10890,言,1220,1,23,149
10984,詳,1221,1,2,149
10912,訖,1222,1,3,149
11025,説,1223,1,5,149
11095,謂,1224,1,6,149
11058,論,1225,1,16,149
11023,誦,1226,1,49,149
11234,谷,1227,1,6,150
11253,豈,1228,1,3,151
11261,豐,1229,1,2,151
11329,貞,1230,1,12,154
11334,財,1231,1,5,154
11355,貴,1232,1,2,154
11398,賣,1233,1,3,154
11397,賢,1234,1,5,154
11332,負,1235,1,3,154
11445,赤,1236,1,2,155
11457,赴,1237,1,2,156
11467,超,1238,1,7,156
11548,路,1239,1,2,157
11461,起,1240,1,6,156
11495,足,1241,1,2,157
07556,疎,1242,1,2,103
07557,疏,1243,1,2,103
11715,身,1244,1,14,158
11823,輦,1245,1,2,159
11802,輕,1246,1,3,159
11817,輟,1247,1,2,159
11856,轉,1248,1,4,159
11795,載,1249,1,3,159
11778,軸,1250,1,2,159
11846,輿,1251,1,2,159
11914,辭,1252,1,4,160
12037,遂,1253,1,17,162
12074,遣,1254,1,4,162
03157,徧,1255,1,14,060
12010,連,1256,1,3,162
12000,通,1257,1,14,162
11995,途,1258,1,3,162
12104,邀,1259,1,2,162
12051,道,1260,1,37,162
12009,逢,1261,1,2,162
12043,運,1262,1,3,162
12022,進,1263,1,2,162
12042,遊,1264,1,7,162
12031,逾,1265,1,2,162
12123,邑,1266,1,8,163
12176,部,1267,1,13,163
11974,迷,1268,1,4,162
12046,過,1269,1,2,162
12001,逝,1270,1,5,162
12019,逮,1271,1,2,162
11947,迎,1272,1,4,162
11968,述,1273,1,2,162
12070,遠,1274,1,11,162
11951,返,1275,1,3,162
11982,退,1276,1,2,162
11979,追,1277,1,3,162
12097,遺,1278,1,6,162
12093,遷,1279,1,3,162
12004,造,1280,1,4,162
12052,達,1281a,2,8,162
12052b,達,1281b,2,1,162
12103,避,1282,1,2,162
12108,還,1283,1,7,162
11948,近,1284,1,2,162
12188,都,1285,1,4,163
12139,邪,1286,1,3,163
12294,酬,1287,1,2,164
12376,量,1288,1,2,166
12373,重,1289,1,7,166
12499,錄,1290,1,2,167
12461,銓,1291,1,2,167
12468,銜,1292,1,2,167
12587,鎭,1293,1,4,167
12380,金,1294,1,3,167
05589,欽,1295,1,3,076
12698,長,1296,1,7,168
12716,開,1297,1,10,169
12709,門,1298,1,17,169
12935,隱,1299,1,5,170
12876,陽,1300,1,5,170
12864,陳,1301,1,4,170
12886,隆,1302,1,4,170
12868,陶,1303,1,2,170
12834,附,1304,1,3,170
12831,陀,1305,1,3,170
12927,隨,1306,1,6,170
12914,障,1307,1,4,170
12870,陸,1308,1,2,170
12890,隋,1309,1,9,170
12963,集,1310,1,6,172
13012,雨,1311,1,3,173
12997,雜,1312,1,2,172
12972,雍,1313,1,5,172
13002,難,1314,1,4,172
12991,雖,1315,1,4,172
12962,雅,1316,1,2,172
13001,離,1317,1,2,172
13032,霄,1318,1,2,173
13073,露,1319,1,3,173
13020,雲,1320,1,4,173
13104,非,1321,1,9,175
13103,靜,1322,1,8,174
13281,音,1323,1,3,180
13409,顧,1324,1,3,181
13316,頓,1325,1,2,181
13325,頗,1326,1,4,181
13391,願,1327,1,5,181
13380,顏,1328,1,2,181
13304,須,1329,1,5,181
13346,頭,1330,1,3,181
13398,類,1331,1,2,181
13376,題,1332,1,2,181
13416,顯,1333,1,4,181
13423,風,1334,1,4,182
13495,飛,1335,1,5,183
13503,食,1336,1,6,184
13526,飮,1337,1,2,184
13565,餘,1338,1,22,184
13667,香,1339,1,9,186
13680,馬,1340,1,4,187
13852,驚,1341,1,3,187
13871,驪,1342,1,2,187
13689,馴,1343,1,2,187
13873,骨,1344,1,5,188
13890,骸,1345,1,4,188
07208,猾,1346,1,2,094
13923,髏,1347,1,2,188
13940,高,1348,1,8,189
14174,鮮,1349,1,2,195
14379,鳴,1350,1,2,196
14693,黃,1351,1,2,201
14829,齋,1352,1,5,210
14828,齊,1353,1,2,210
14850,齡,1354,1,2,211
14876,龍,1355,1,3,212
14880,龕,1356,1,2,212
S00066,々,1357,部外,9,000
00154,亦,1358a,2,4,008
00154b,亦,1358b,2,1,008
00175,今,1359a,2,8,009
00175b,今,1359b,2,3,009
00323,係,1360a,2,1,009
00323b,係,1360b,2,1,009
00405,假,1361a,2,1,009
00405b,假,1361b,2,1,009
00498,僞,1362a,2,1,009
00498b,僞,1362b,2,1,009
00759,初,1363a,2,21,018
00759b,初,1363b,2,2,018
00900,勤,1364a,2,3,019
00900b,勤,1364b,2,2,019
00885,勒,1365,1,3,019
01288,咸,1366,1,8,030
01581,嚴,1367a,2,7,030
01581b,嚴,1367b,2,2,030
01682,坐,1368a,2,11,032
01682b,坐,1368b,2,2,032
02355,宿,1369a,2,2,040
02355b,宿,1369b,2,1,040
02504,屢,1370a,2,2,044
02504b,屡,1370b,2,1,044
02806,希,1371a,2,2,050
02806b,希,1371b,2,1,050
03006,建,1372a,2,4,054
03006b,建,1372b,2,1,054
03008,廻,1373a,2,2,054
03008b,廻,1373b,2,1,054
03145,得,1374a,2,5,060
03145b,得,1374b,2,2,060
03214,念,1375,1,6,061
03292,恩,1376a,2,1,061
03292b,恩,1376b,2,1,061
03450,慕,1377a,2,3,061
03450b,慕,1377b,2,1,061
03750,拔,1378a,2,1,064
03750b,拔,1378b,2,1,064
04224,收,1379a,2,4,066
04224b,收,1379b,2,1,066
04277,敢,1380,1,3,066
04412,族,1381a,2,3,070
04412b,族,1381b,2,2,070
04577,暇,1382a,2,2,072
04577b,暇,1382b,2,1,072
05228,槃,1383a,3,5,075
05228b,槃,1383b,3,1,075
05228c,槃,1383c,3,1,075
05235,構,1384a,2,1,075
05235b,構,1384b,2,1,075
05666,歳,1385a,2,3,077
05666b,歳,1385b,2,1,077
05641,止,1386a,2,9,077
05641b,止,1386b,2,1,077
06272,淨,1387a,2,6,085
06272b,淨,1387b,2,3,085
06015,沈,1388a,2,1,085
06015b,沈,1388b,2,1,085
06885,然,1389a,2,10,086
06885b,然,1389b,2,6,086
07017,爛,1390a,2,1,086
07017b,爛,1390b,2,1,086
07032,爲,1391,1,47,087
07043,爾,1392a,2,3,089
07043b,爾,1392b,2,1,089
07241,獲,1393a,2,4,094
07241b,獲,1393b,2,1,094
07938,矣,1394,1,7,111
08148,福,1395a,2,5,113
08148b,福,1395b,2,2,113
08165,禮,1396a,2,13,113
08165b,禮,1396b,2,1,113
08603,籍,1397a,2,1,118
08603b,籍,1397b,2,1,118
09175,羣,1398a,2,4,123
09175b,羣,1398b,2,1,123
09611,致,1399a,2,2,133
09611b,致,1399b,2,1,133
09665,般,1400a,3,2,137
09665b,般,1400b,3,1,137
09665c,般,1400c,3,1,137
09788,若,1401a,2,9,140
09788b,若,1401b,2,1,140
11119,講,1402a,2,4,149
11119b,講,1402b,2,2,149
10928,設,1403a,2,1,149
10928b,設,1403b,2,1,149
11275,象,1404a,2,5,152
11275b,象,1404b,2,1,152
11519,跏,1405a,2,1,157
11519b,跏,1405b,2,1,157
12083,遮,1406a,2,1,162
12083b,遮,1406b,2,1,162
13092,靈,1407a,2,4,173
13092b,靈,1407b,2,1,173
13551,養,1408a,2,3,184
13551b,養,1408b,2,1,184
13849,驗,1409a,2,4,187
13849b,驗,1409b,2,1,187
14361,鳥,1410,1,5,196
14776,鼔,1411a,2,3,207
14776b,鼔,1411b,2,1,207
12783,闕,1412a,2,1,169
12783b,闕,1412b,2,1,169
09869,莊,1413a,3,2,140
09869b,莊,1413b,3,2,140
09869c,莊,1413c,3,1,140
12205,鄕,1414a,3,3,163
12205b,鄕,1414b,3,3,163
12205c,鄕,1414c,3,1,163
11993,逐,1415,0,1,162
