統合ID,文字,カード番号,字体数,用例数,部首
00069,丹,0001,0,1,003
00104,乙,0002,0,1,005
00118,乾,0003,0,1,005
07028,爭,0004,0,1,006
00516,儀,0005,0,1,009
00219,休,0006,0,1,009
00176,介,0007,0,1,009
00493,僕,0008,0,1,009
00349,俯,0009,0,1,009
00483,僉,0010,0,1,009
00405,假,0011,0,1,009
00455,備,0012,0,1,009
00182,仕,0013,0,1,009
00206,任,0014,0,1,009
00244,低,0015,0,1,009
00230,伴,0016,0,1,009
00236,伽,0017,0,1,009
00368,倍,0018,0,1,009
00345,信,0019,0,1,009
00238,佃,0020,0,1,009
00360,俾,0021,0,1,009
00391,倫,0022,0,1,009
00325,俄,0023,0,1,009
00350,倶,0024,0,1,009
00471,債,0025,0,1,009
00264,00264,0026,0,1,009
00417,停,0027,0,1,009
00616,冀,0028,0,1,012
00636,冒,0029,0,1,013
01235,周,0030,0,1,030
00696,凝,0031,0,1,015
00718,凶,0032,0,1,017
00735,切,0033,0,1,018
00791,削,0034,0,1,018
00863,助,0035,0,1,019
00857,功,0036,0,1,019
00918,勾,0037,0,1,020
00930,匍,0038,0,1,020
00932,匐,0039,0,1,020
01004,卒,0040,0,1,024
12957,雁,0041,0,1,172
01058,厄,0042,0,1,027
01068,厚,0043,0,1,027
01112,友,0044,0,1,029
01116,反,0045,0,1,029
01323,哭,0046,0,1,030
01255,咀,0047,0,1,030
01373,啓,0048,0,1,030
01595,嚢,0049,0,1,030
01236,呪,0050,0,1,030
01532,01532,0051,0,1,030
01451,嗟,0052,0,1,030
01189,吠,0053,0,1,030
01584,嚼,0054,0,1,030
01143,句,0055,0,1,030
01295,哀,0056,0,1,030
01851,墜,0057,0,1,032
01740,城,0058,0,1,032
01779,01779,0059,0,1,032
01839,境,0060,0,1,032
01899,壤,0061,0,1,032
01863,墮,0062,0,1,032
01727,垣,0063,0,1,032
01908,壷,0064,0,1,033
01913,壽,0065,0,1,033
01934,外,0066,0,1,036
01961,夷,0067,0,1,037
01972,奇,0068,0,1,037
01981,奏,0069,0,1,037
01949,夫,0070,0,1,037
01968,奄,0071,0,1,037
01986,奔,0072,0,1,037
02142,婆,0073,0,1,038
02110,娑,0074,0,1,038
02090,姥,0075,0,1,038
02077,姓,0076,0,1,038
02035,妊,0077,0,1,038
02098,妍,0078,0,1,038
02045,妙,0079,0,1,038
02029,好,0080,0,1,038
02040,02040,0081,0,1,038
02155,婦,0082,0,1,038
02248,嬰,0083,0,1,038
02093,姨,0084,0,1,038
02293,學,0085,0,1,039
02268,存,0086,0,1,039
02397,寛,0087,0,1,040
02383,察,0088,0,1,040
02395,審,0089,0,1,040
02392,寧,0090,0,1,040
02307,宇,0091,0,1,040
02322,宗,0092,0,1,040
02436,導,0093,0,1,041
02485,屈,0094,0,1,044
02499,屏,0095,0,1,044
02472,尻,0096,0,1,044
02598,峻,0097,0,1,046
02594,島,0098,0,1,046
02799,市,0099,0,1,050
02801,帆,0100,0,1,050
02806,希,0101,0,1,050
02902,并,0102,0,1,051
02915,幾,0103,0,1,052
02912,幽,0104,0,1,052
02992,廢,0105,0,1,053
02944,度,0106,0,1,053
03008,廻,0107,0,1,054
03060,弭,0108,0,1,057
03064,弱,0109,0,1,057
03101,形,0110,0,1,059
03143,徒,0111,0,1,060
03312,悉,0112,0,1,061
03248,怪,0113,0,1,061
03469,慰,0114,0,1,061
03474,慶,0115,0,1,061
03292,恩,0116,0,1,061
03345,悽,0117,0,1,061
03365,惟,0118,0,1,061
03289,恥,0119,0,1,061
03196,忘,0120,0,1,061
03277,恙,0121,0,1,061
03402,愍,0122,0,1,061
03267,恆,0123,0,1,061
03188,03188,0124,0,1,061
03632,戮,0125,0,1,062
03628,截,0126,0,1,062
03645,戻,0127,0,1,063
03750,拔,0128,0,1,064
04146,攀,0129,0,1,064
03837,捫,0130,0,1,064
03765,拭,0131,0,1,064
03686,扶,0132,0,1,064
03666,打,0133,0,1,064
03778,拾,0134,0,1,064
03911,握,0135,0,1,064
03818,捉,0136,0,1,064
03761,拜,0137,0,1,064
03880,推,0138,0,1,064
03907,換,0139,0,1,064
03758,招,0140,0,1,064
04216,支,0141,0,1,065
04228,改,0142,0,1,066
04286,敬,0143,0,1,066
04303,整,0144,0,1,066
04363,斥,0145,0,1,069
04368,斫,0146,0,1,069
04369,斬,0147,0,1,069
06088,泥,0148,0,1,085
04391,施,0149,0,1,070
04518,昵,0150,0,1,072
04608,暴,0151,0,1,072
04499,星,0152,0,1,072
04676,朋,0153,0,1,074
09364,股,0154,0,1,130
04679,服,0155,0,1,074
05529,權,0156,0,1,075
05228,槃,0157,0,1,075
05361,橘,0158,0,1,075
04984,條,0159,0,1,075
05150,楫,0160,0,1,075
05279,樂,0161,0,1,075
03694,抄,0162,0,1,064
04765,東,0163,0,1,075
04781,板,0164,0,1,075
04871,柱,0165,0,1,075
04908,株,0166,0,1,075
04865,柩,0167,0,1,075
04743,杖,0168,0,1,075
05591,款,0169,0,1,076
05561,欣,0170,0,1,076
05645,歩,0171,0,1,077
05737,殘,0172,0,1,078
05777,殯,0173,0,1,078
05717,殊,0174,0,1,078
05707,殆,0175,0,1,078
05932,氏,0176,0,1,083
05947,氣,0177,0,1,084
06396,源,0178,0,1,085
06316,渟,0179,0,1,085
06087,泣,0180,0,1,085
06151,流,0181,0,1,085
12266,酒,0182,0,1,164
06050,沸,0183,0,1,085
06317,渠,0184,0,1,085
06611,濃,0185,0,1,085
06134,洪,0186,0,1,085
06480,漂,0187,0,1,085
06704,瀛,0188,0,1,085
06835,烏,0189,0,1,086
06957,熱,0190,0,1,086
06874,焦,0191,0,1,086
06978,燒,0192,0,1,086
06847,烟,0193,0,1,086
06969,燃,0194,0,1,086
03442,態,0195,0,1,061
06997,燼,0196,0,1,086
07047,牆,0197,0,1,090
07065,牙,0198,0,1,092
07106,犢,0199,0,1,093
07244,獵,0200,0,1,094
07256,玄,0201,0,1,095
07345,瑜,0202,0,1,096
07294,珥,0203,0,1,096
00263,佩,0204,0,1,096
07426,瓶,0205,0,1,098
07444,甍,0206,0,1,098
07459,甜,0207,0,1,099
07503,畏,0208,0,1,102
07481,申,0209,0,1,102
07530,異,0210,0,1,102
07507,畔,0211,0,1,102
07557,疏,0212,0,1,103
07707,發,0213,0,1,105
07739,皮,0214,0,1,107
07799,直,0215,0,1,109
07817,看,0216,0,1,109
07867,睨,0217,0,1,109
07843,眼,0218,0,1,109
09133,罷,0219,0,1,122
09144,羅,0220,0,1,122
07944,矩,0221,0,1,111
08016,碎,0222,0,1,112
07986,破,0223,0,1,112
08103,祀,0224,0,1,113
08119,祚,0225,0,1,113
08123,祝,0226,0,1,113
08108,祈,0227,0,1,113
08165,禮,0228,0,1,113
11258,豎,0229,0,1,117
08365,竟,0230,0,1,117
08376,端,0231,0,1,117
08522,篤,0232,0,1,118
08479,箭,0233,0,1,118
08435,筒,0234,0,1,118
08664,粟,0235,0,1,119
08993,總,0236,0,1,120
08779,細,0237,0,1,120
08762,08762,0238,0,1,120
08735,紀,0239,0,1,120
09030,繋,0240,0,1,120
08976,縫,0241,0,1,120
09064,纏,0242,0,1,120
08748,紐,0243,0,1,120
09142,羂,0244,0,1,122
09177,義,0245,0,1,123
09175,羣,0246,0,1,123
09249,耀,0247,0,1,124
09335,聽,0248,0,1,128
09328,聲,0249,0,1,128
09541,膝,0250,0,1,130
09463,脱,0251,0,1,130
09370,肩,0252,0,1,130
09377,肯,0253,0,1,130
09568,臂,0254,0,1,130
09483,腋,0255,0,1,130
09617,臺,0256,1,2,133
09627,09627,0257,0,1,134
09638,舍,0258,0,1,135
09778,苗,0259,0,1,140
10139,薄,0260,0,1,140
10153,薙,0261,0,1,140
09911,菟,0262,0,1,140
09835,茸,0263,0,1,140
10031,蒼,0264,0,1,140
10349,蛇,0265,0,1,142
10618,術,0266,0,1,144
10798,襤,0267,0,1,145
10766,褸,0268,0,1,145
10773,襁,0269,0,1,145
10715,裝,0270,0,1,145
10637,衣,0272,0,1,145
10724,裳,0273,0,1,145
10708,裔,0274,0,1,145
10857,覽,0275,0,1,147
10859,觀,0276,0,1,147
10875,解,0277,0,1,148
11171,識,0278,0,1,149
10974,詣,0279,0,1,149
11109,謎,0280,0,1,149
11092,謀,0281,0,1,149
10902,討,0282,0,1,149
10987,該,0283,0,1,149
10936,訶,0284,0,1,149
11264,11264,0285,0,1,151
11306,11306,0286,0,1,153
11447,赦,0287,0,1,155
11453,赭,0288,0,1,155
11450,11450,0289,0,1,155
11467,超,0290,0,1,156
11618,蹈,0291,0,1,157
07557,疏,0292,0,1,103
11553,跳,0293,0,1,157
11716,躬,0294,0,1,158
11799,輒,0295,0,1,159
11856,轉,0296,0,1,159
11893,辛,0297,0,1,160
11896,辜,0298,0,1,160
12082,遭,0299,0,1,162
02767,巡,0300,0,1,047
11979,追,0301,0,1,162
12093,遷,0302,0,1,162
11976,迹,0303,0,1,162
12025,逶,0304,0,1,162
12077,遨,0305,0,1,162
12046,過,0306,0,1,162
11984,逃,0307,0,1,162
12062,遙,0308,0,1,162
12040,遇,0309,0,1,162
11986,逆,0310,0,1,162
12019,逮,0311,0,1,162
11982,退,0312,0,1,162
12134,那,0313,0,1,163
12262,酌,0314,0,1,164
12302,酸,0315,0,1,164
12342,醤,0316,0,1,164
12360,釀,0317,0,1,164
12327,醜,0318,0,1,194
12372,里,0319,0,1,166
12386,針,0320,0,1,167
12544,鍜,0321,0,1,167
12380,金,0322,0,1,167
12601,鏑,0323,0,1,167
12783,闕,0324,0,1,169
12714,閉,0325,0,1,169
12800,闥,0326,0,1,169
12722,閑,0327,0,1,169
12862,陰,0328,0,1,170
12822,防,0329,0,1,170
12847,陛,0330,0,1,170
12886,隆,0331,0,1,170
12883,隅,0332,0,1,170
12855,除,0333,0,1,170
12961,雄,0334,0,1,172
12971,雌,0335,0,1,172
13002,難,0336,0,1,172
13108,面,0337,0,1,176
13122,靫,0338,0,1,177
13151,鞆,0339,0,1,177
13281,音,0340,0,1,180
13297,頃,0341,0,1,181
13313,預,0342,0,1,181
13327,領,0343,0,1,181
13355,頸,0344,0,1,181
13495,飛,0345,0,1,183
13521,飫,0346,0,1,184
13503,食,0347,0,1,184
13630,饉,0348,0,1,184
13552,餌,0349,0,1,184
13508,飢,0350,0,1,184
13559,餓,0351,0,1,184
13526,飮,0352,0,1,184
13565,餘,0353,0,1,184
13849,驗,0354,0,1,187
13839,驅,0356a,2,1,187
13839b,驅,0356b,2,1,187
13820,騰,0357,0,1,187
14061,鬼,0358,0,1,194
14088,魔,0359,0,1,194
14207,鯔,0360,0,1,195
14576,鷲,0361,0,1,196
14659,14659,0362,0,1,198
14681,麻,0363,0,1,200
14730,黨,0364,0,1,203
14876,龍,0365,0,1,212
14887,龜,0366,0,1,213
00026,丘,0367,1,5,001
00020,且,0368,1,8,001
00007,三,0369,1,15,001
00004,七,0370,1,3,001
00025,世,0371,1,7,001
00008,上,0372,1,26,001
00009,下,0373,1,12,001
00013,不,0374,1,66,001
00001,一,0376,1,64,001
00051,中,0378,1,27,002
00070,主,0379,1,14,003
00078,乃,0380,1,60,004
00088,之,0382,1,310,004
00085,久,0389,1,11,004
00092,乎,0390,1,19,004
00102,乘,0391,1,4,004
00108,乞,0392,1,3,005
00113,乳,0393,1,4,005
00109,也,0394,1,53,005
00128,事,0396,1,19,006
00132,于,0397,1,18,007
00133,云,0398,1,52,007
00136,井,0400,1,9,007
00129,二,0401,1,19,007
00135,五,0402,1,13,007
00150,亡,0403,1,2,008
00175,今,0404,1,26,009
00256,作,0405,1,24,009
00213,伊,0406,1,6,009
00194,以,0407a,1,125,009
00193,令,0410,1,5,009
00192,代,0411,1,7,009
00250,何,0412,1,24,009
00299,供,0413,1,4,009
00209,企,0414,1,5,009
00177,仍,0415,1,4,009
00321,便,0416,1,7,009
00288,侍,0417,1,6,009
00301,依,0418,1,12,009
00240,但,0419,1,3,009
00183,他,0420,1,2,009
00351,俳,0421,1,4,009
00217,伏,0422,1,7,009
00378,倚,0423,1,2,009
00245,住,0424,1,6,009
00369,候,0425,1,2,009
00168,人,0426,1,33,009
00475,傾,0427,1,2,009
00373,倒,0428,1,2,009
00246,佐,0429,1,2,009
00419,00419,0430,1,2,009
00207,00207,0431,1,2,009
00279,使,0432,1,18,009
00199,仰,0433,1,4,009
00542,優,0434,1,3,009
00449,傍,0435,1,2,009
00235,似,0436,1,2,009
00253,余,0437,1,7,009
00566,先,0438,1,17,010
00561,兄,0439,1,51,010
00574,兒,0441,1,59,010
00591,兩,0443,1,3,011
00589,全,0444,1,2,011
00585,内,0445,1,12,013
00582,入,0446,1,24,011
00605,其,0447,1,83,012
00594,八,0449,1,34,012
00599,共,0450,1,6,012
00613,兼,0451,1,4,012
00606,具,0452,1,5,012
00734,分,0453,1,3,018
00818,副,0454,1,3,018
00729,刀,0455,1,4,018
00776,制,0456,1,2,018
00767,利,0457,1,12,018
00794,前,0458,1,11,018
00769,到,0459,1,18,018
00763,別,0460,1,8,018
00789,則,0461,1,65,018
00893,勝,0463,1,17,019
00898,勢,0464,1,3,019
00858,加,0465,1,4,019
00879,勅,0466,1,17,019
00919,勿,0467,1,9,020
00938,化,0468,1,4,021
00985,十,0469,1,14,024
00987,千,0470,1,14,024
01019,卜,0471,1,2,025
01022,占,0472,1,2,025
01049,即,0473,1,31,026
01035,危,0474,1,2,026
01101,去,0475,1,18,028
01127,取,0476,1,12,029
01128,受,0477,1,6,029
01108,又,0478,1,17,029
01111,及,0479,1,22,029
01369,問,0480,1,33,030
01141,口,0481,1,17,030
01179,向,0482,1,11,030
01188,吟,0483,1,4,030
01150,召,0484,1,9,030
01452,嗣,0485,1,5,030
03066,強,0486,1,2,057
01312,咲,0487,1,2,030
01217,吾,0488,1,80,030
01252,命,0490,1,74,030
01185,君,0492,1,9,030
01487,嘲,0493,1,4,030
01420,喧,0494,1,2,030
01479,嘗,0495,1,2,030
01154,可,0496,1,24,030
01349,唯,0497,1,2,030
01219,告,0498,1,6,030
01395,善,0499,1,3,030
01359,唾,0500,1,2,030
01242,味,0501,1,6,030
01430,喪,0502,1,6,030
01263,和,0503,1,4,030
01170,合,0504,1,9,030
01175,名,0505,1,20,030
01279,咫,0506,1,4,030
01305,哉,0507,1,4,030
01251,呼,0508,1,3,030
01168,各,0509,1,2,030
01187,呑,0510,1,2,030
01174,同,0511,1,3,030
01627,固,0512,1,2,031
01623,困,0513,1,4,031
01607,四,0514,1,2,031
01726,垢,0515,1,2,032
01666,地,0516,1,12,032
01710,垂,0517,1,2,032
01659,在,0518,1,24,032
01654,土,0519,1,4,032
01682,坐,0520,1,6,032
01672,坂,0521,1,2,032
01767,堅,0522,1,3,032
01938,多,0523,1,10,036
01939,夜,0524,1,14,036
01947,天,0525,1,176,037
01948,太,0529,1,8,037
01974,奉,0530,1,27,037
01946,大,0531,1,40,037
01957,失,0532,1,7,037
01973,奈,0533,1,5,037
02108,姫,0534,1,63,038
02062,妾,0536,1,19,038
02031,如,0537,1,22,038
02069,始,0538,1,6,038
02022,女,0539,1,49,038
02105,威,0540,1,4,038
02178,媛,0541,1,4,038
02059,妹,0542,1,5,038
02134,娶,0543,1,8,038
02122,娠,0544,1,8,038
02061,妻,0545,1,8,038
02032,妃,0546,1,6,038
02119,娜,0547,1,2,038
02068,姉,0548,1,2,038
02078,委,0549,1,2,038
02024,奴,0550,1,3,038
02151,婢,0551,1,2,038
02282,孫,0552,1,82,039
02265,孕,0554,1,2,039
02342,宮,0555,1,15,040
02309,安,0556,1,3,040
09348,肉,0557,1,3,130
02346,害,0558,1,5,040
02327,宜,0559,1,12,040
02331,客,0560,1,4,040
02352,容,0561,1,7,040
02407,寶,0562,1,5,040
02332,室,0563,1,7,040
02390,實,0564,1,5,040
02429,尊,0565,1,100,041
02435,對,0567,1,23,041
02422,射,0568,1,6,041
02430,尋,0569,1,12,041
02440,少,0570,1,5,042
02439,小,0571,1,8,042
02478,尾,0572,1,3,044
02515,屬,0573,1,4,044
02482,居,0574,1,13,044
02504,屡,0575,1,5,044
02488,屋,0576,1,20,044
02528,山,0577,1,25,046
02540,岐,0578,1,3,046
02640,崩,0579,1,3,046
02589,峯,0580,1,6,046
08125,祟,0581,1,2,113
02762,川,0582,1,3,047
02774,左,0583,1,2,048
02783,已,0584,1,25,049
02782,己,0585,1,10,049
02828,帥,0586,1,2,050
02846,帶,0587,1,4,050
02881,幡,0588,1,12,050
02847,常,0589,1,3,050
02839,席,0590,1,2,050
02900,年,0591,1,5,051
02899,平,0592,1,16,051
02946,座,0593,1,2,053
02993,廣,0594,1,3,053
02952,庭,0595,1,2,053
02932,底,0596,1,2,053
11977,迺,0597,1,5,054
03065,張,0598,1,3,057
03052,弟,0599,1,41,057
03044,引,0600,1,2,057
03043,弔,0601,1,2,057
03084,彌,0602,1,4,057
03042,弓,0603,1,8,057
03106,彦,0604,1,91,059
03116,影,0606,1,2,059
03132,待,0607,1,6,060
03145,得,0608,1,17,060
03138,後,0609,1,19,060
03128,往,0610,1,13,060
03142,徑,0611,1,4,060
03153,御,0612,1,11,060
03124,彼,0613,1,13,060
03172,徳,0614,1,2,060
03291,恨,0615,1,9,061
03179,心,0616,1,10,061
03367,惡,0617,1,5,061
03438,慇,0618,1,2,061
03499,憐,0619,1,3,061
03238,怜,0620,1,4,061
03585,懷,0621,1,3,061
03194,志,0622,1,4,061
03298,息,0623,1,6,061
03453,慙,0624,1,4,061
03410,慍,0625,1,2,061
03184,忍,0626,1,10,061
03183,忌,0627,1,2,061
03180,必,0628,1,13,061
03550,應,0629,1,2,061
03544,懃,0630,1,2,061
03220,忿,0631,1,4,061
03395,意,0632,1,5,061
03405,愛,0633,1,2,061
03239,思,0634,1,6,061
03466,慮,0635,1,2,061
03243,急,0636,1,5,061
03219,忽,0637,1,6,061
03372,惱,0638,1,3,061
03329,患,0639,1,3,061
03229,怒,0640,1,4,061
03320,悔,0641,1,2,061
03348,情,0642,1,4,061
03387,愁,0643,1,4,061
03534,憶,0644,1,3,061
03486,憂,0645,1,8,061
03617,或,0646,1,2,062
03611,我,0647,1,24,062
03610,成,0648,1,3,062
03647,所,0649,1,40,063
03640,戸,0650,1,6,063
03858,掌,0651,1,3,064
03715,披,0652,1,2,064
04106,據,0653,1,4,064
03780,持,0654,1,11,064
03855,授,0655,1,9,064
03862,排,0656,1,6,064
04069,播,0657,1,12,064
03708,投,0658,1,5,064
03874,探,0659,1,4,064
03659,手,0660,1,14,064
03711,折,0661,1,10,064
03720,抱,0662,1,2,064
03939,損,0663,1,2,064
03751,03751,0664,1,5,064
04243,故,0665,1,72,066
04277,敢,0667,1,3,066
04263,救,0668,1,4,066
04261,教,0669,1,12,066
04233,放,0670,1,5,066
04376,新,0671,1,3,069
04385,方,0672,1,7,070
04442,既,0673,1,11,071
04485,明,0674,1,13,072
04490,昔,0675,1,2,072
04569,智,0676,1,5,072
04480,昇,0677,1,4,072
04489,易,0678,1,4,072
04523,時,0679,1,104,072
04500,映,0682,1,3,072
04512,是,0683,1,84,072
04446,日,0685,1,39,072
04650,曰,0686,1,162,073
04661,曾,0690,1,2,073
04654,更,0691,1,2,073
04651,曲,0692,1,4,073
04667,會,0693,1,2,073
04657,書,0694,1,17,073
04673,月,0695,1,3,074
04674,有,0696,1,80,074
04693,望,0698,1,2,074
04699,期,0699,1,3,074
04807,枝,0700,1,2,075
05293,樓,0701,1,2,075
05014,棄,0702,1,5,075
05471,櫛,0703,1,3,075
04922,根,0704,1,12,075
04723,机,0705,1,2,075
04915,04915,0706,1,5,075
04713,本,0707,1,12,075
04769,杵,0708,1,17,075
04707,木,0709,1,9,075
04711,未,0710,1,6,075
04712,末,0711,1,3,075
05323,樹,0712,1,17,075
04806,果,0713,1,5,075
04747,杜,0714,1,5,075
05348,橋,0715,1,7,075
04803,林,0716,1,2,075
05236,槌,0717,1,4,075
05266,05266,0718,1,5,075
05609,歌,0719,1,13,076
05558,次,0720,1,28,076
05612,歎,0721,1,3,076
05580,欲,0722,1,16,076
05649,武,0723,1,8,077
05686,死,0724,1,3,078
05809,殿,0725,1,4,079
05834,母,0726,1,10,080
05836,毎,0727,1,2,080
05841,比,0728,1,5,081
05845,05845,0729,1,2,081
05850,毛,0730,1,5,082
05935,民,0731,1,2,083
06312,渚,0732,1,3,085
06175,浮,0733,1,8,085
06381,湯,0734,1,5,085
06055,治,0735,1,9,085
06432,滅,0736,1,2,085
05983,汝,0737,1,46,085
06086,波,0738,1,12,085
06408,溢,0739,1,5,085
06128,津,0740,1,39,085
06422,溺,0741,1,8,085
06476,滿,0742,1,7,085
06182,海,0743,1,72,085
05962,汀,0745,1,5,085
06023,沒,0746,1,5,085
05952,水,0747,1,6,085
06145,活,0748,1,3,085
06294,添,0749,1,2,085
06713,瀬,0750,1,7,085
06507,漬,0751,1,3,085
06227,涸,0752,1,10,085
05996,汲,0753,1,5,085
06554,潮,0754,1,23,085
06658,濱,0755,1,8,085
06173,浪,0756,1,2,085
05957,永,0757,1,4,085
06285,深,0758,1,3,085
05964,求,0759,1,3,085
06045,河,0760,1,2,085
06645,濤,0761,1,3,085
06193,渉,0762,1,2,085
06074,法,0763,1,2,085
06723,瀲,0764,1,7,085
06150,06150,0765,1,2,085
06138,洲,0766,1,2,085
06947,06947,0767,1,2,086
06882,焔,0768,1,2,086
06776,火,0769,1,111,086
06872,無,0772,1,20,086
06885,然,0773,1,16,086
06867,焚,0774,1,2,086
06801,炎,0775,1,3,086
07035,父,0776,1,10,088
00260,00260,0777,1,2,009
01905,壯,0778,1,3,033
07080,物,0779,1,5,093
07122,状,0780,1,6,094
07139,狗,0781,1,2,094
07248,獸,0782,1,3,094
07162,狹,0783,1,17,094
07241,獲,0784,1,2,094
07230,獨,0785,1,2,094
07189,07189,0786,1,5,094
07203,猶,0787,1,9,094
07275,玲,0788,1,2,096
07394,瓊,0789,1,35,096
07395,瓏,0790,1,2,096
07261,玉,0791,1,49,096
07262,王,0792,1,7,096
07307,理,0793,1,2,096
07346,瑞,0794,1,2,096
07452,甕,0795,1,3,098
07457,甚,0796,1,5,099
07464,産,0797,1,30,100
07461,生,0798,1,40,100
07469,用,0799,1,6,101
07478,田,0800,1,33,102
07483,男,0801,1,3,102
07508,留,0802,1,8,102
07479,由,0803,1,3,102
07559,疑,0804,1,5,103
07591,疾,0805,1,4,104
07685,癡,0806,1,2,104
08135,祭,0807,1,2,113
07710,百,0808,1,8,106
07709,白,0809,1,6,106
07717,皆,0810,1,6,106
07770,盛,0811,1,5,108
07785,盧,0812,1,2,108
07779,盡,0813,1,3,108
07759,益,0814,1,3,108
07790,目,0815,1,13,109
07806,盾,0816a,2,1,109
07806b,盾,0816b,2,1,109
07827,眞,0817,1,7,109
07844,衆,0818,1,2,109
07801,相,0819,1,12,109
07929,矛,0820,1,4,110
07937,矢,0821,1,13,111
07941,知,0822,1,14,030
07948,短,0823,1,2,111
08047,磐,0824,1,17,112
07954,石,0825,1,5,112
08023,碕,0826,1,4,112
08057,磨,0827,1,7,112
08166,禰,0828,1,4,115
08107,祇,0829,1,8,113
08124,神,0830,1,162,113
08117,祖,0834,1,13,113
08187,秋,0835,1,2,115
08244,種,0836,1,2,115
08212,移,0837,1,2,115
08233,稚,0838,1,16,115
08273,穗,0839,1,19,115
08248,稱,0840,1,8,115
08180,私,0841,1,3,115
08235,稜,0842,1,3,115
08179,秀,0843,1,2,115
08329,窮,0844,1,3,116
08353,竊,0845,1,2,116
08296,空,0846,1,4,116
08354,立,0847,1,12,117
08438,策,0848,1,2,118
08404,笠,0849,1,4,118
08468,箕,0850,1,2,118
08631,籬,0851,1,2,118
08437,答,0852,1,2,118
08382,竹,0853,1,8,118
08434,筑,0854,1,3,118
08461,箇,0855,1,10,118
08856,經,0856,1,8,120
08807,結,0857,1,2,120
08773,紫,0858,1,3,120
08765,素,0859,1,5,120
09028,繩,0860,1,2,120
08795,終,0861,1,3,120
08899,綿,0862,1,2,120
09012,織,0863,1,2,120
08809,絶,0864,1,4,120
08870,縁,0865,1,10,120
09125,罪,0866,1,2,122
09128,置,0867,1,7,122
09195,羽,0868,1,4,124
09201,翁,0869,1,10,124
09250,老,0870,1,11,125
09255,者,0871,1,93,125
09264,而,0873,1,107,126
09267,耐,0876,1,4,126
09315,聞,0877,1,8,128
09290,耳,0878,1,8,128
09425,胸,0879,1,6,130
09413,胤,0880,1,7,130
09508,腰,0881,1,2,130
09601,臨,0882,1,7,131
09596,臣,0883,1,2,131
09602,自,0884,1,36,132
09610,至,0885,1,23,133
09611,致,0886,1,6,133
09675,船,0887,1,2,137
09714,良,0888,1,2,138
09764,芹,0889,1,9,140
10040,蓋,0890,1,3,140
09972,著,0891,1,3,140
09789,苦,0892,1,6,140
09994,葺,0893,1,7,140
09846,草,0894,1,10,140
09961,落,0895,1,3,140
09982,葦,0896,1,19,140
09966,葉,0897,1,2,140
09985,葬,0898,1,3,140
09921,華,0899,1,2,140
10272,虚,0900,1,3,141
10270,處,0901,1,17,141
10563,蠅,0902,1,2,142
10614,行,0903,1,18,144
10636,衢,0904,1,3,144
10649,衰,0905,1,2,145
10774,襃,0906a,2,2,145
10774b,襃,0906b,2,1,145
10683,被,0907,1,2,145
10658,衾,0908,1,5,145
10826,覆,0909,1,5,146
10820,西,0910,1,2,146
10831,見,0911,1,64,147
10837,視,0913,1,7,147
10848,親,0914,1,2,147
10840,覘,0915,1,2,147
10887,觸,0916,1,2,148
10928,設,0917,1,5,149
10896,計,0918,1,3,149
10975,試,0919,1,3,149
11017,語,0920,1,4,149
11049,請,0921,1,14,149
11095,謂,0922,1,16,149
10890,言,0923,1,26,149
11085,諸,0924,1,7,149
11234,谷,0925,1,2,150
11024,誨,0926,1,2,149
10965,詛,0927,1,2,149
11022,誥,0928,1,3,149
11200,護,0929,1,2,149
11028,誰,0930,1,8,149
11008,誓,0931,1,4,149
10999,誅,0932,1,2,149
11020,誤,0933,1,2,149
11205,譽,0934,1,5,149
11090,諾,0935,1,2,149
11018,誠,0936,1,2,149
10925,訪,0937,1,4,149
10930,許,0938,1,2,149
11250,豆,0939,1,6,151
11253,豈,0940,1,4,151
11261,豐,0941,1,29,151
11283,豫,0942,1,3,152
11311,貌,0943,1,2,153
11429,贈,0944,1,3,154
11332,負,0945,1,2,154
11354,貳,0946,1,2,154
11377,賊,0947,1,2,154
11393,賜,0948,1,6,154
11344,責,0949,1,5,154
11338,貧,0950,1,7,154
11355,貴,0951,1,7,154
11445,赤,0952,1,9,155
11454,走,0953,1,2,156
11461,起,0954,1,13,156
11614,11614,0955,1,2,157
11564,踉,0956,1,2,157
11548,路,0957,1,3,157
11708,躡,0958,1,3,157
11715,身,0959,1,8,158
11795,載,0960,1,2,159
11782,軻,0961,1,2,159
11801,輔,0962,1,5,159
11914,辭,0963,1,3,160
11918,辱,0964,1,6,161
12052,達,0965,1,2,162
11947,迎,0966a,2,3,162
11947b,迎,0966b,2,1,162
12009,逢,0967,1,2,162
12115,邊,0968,1,10,162
11937,迅,0969,1,2,162
11951,返,0970,1,2,162
12000,通,0971,1,2,162
12120,邏,0972,1,3,162
12103,避,0973,1,6,162
12004,造,0974,1,7,162
12030,逼,0975,1,3,162
11995,途,0976,1,2,162
12070,遠,0977,1,6,162
12108,還,0978,1,28,162
12074,遣,0979,1,13,162
12050,遒,0980,1,4,162
11983,送,0981,1,6,162
12010,連,0982,1,8,162
12051,道,0983,1,5,162
12003,速,0984,1,4,162
12022,進,0985,1,10,162
12037,遂,0986,1,15,162
12223,12223,0987,1,4,163
09292,耶,0988,1,20,128
12188,都,0989,1,3,163
12176,部,0990,1,6,163
12282,酢,0991,1,9,164
12263,配,0992,1,4,164
12374,野,0993,1,8,166
12373,重,0994,1,9,166
12497,鋺,0995,1,4,167
12388,釣,0996,1,4,167
12418,鈴,0997,1,2,167
00843,劍,0998,1,5,018
12494,鋪,0999,1,2,167
12441,鉤,1000,1,47,167
12613,鏡,1001,1,6,167
12421,鈿,1002,1,7,167
12698,長,1003,1,19,168
12724,間,1004,1,9,169
12709,門,1005,1,7,169
12773,闌,1006,1,4,169
12716,開,1007,1,5,169
12898,隔,1008,1,2,170
12870,陸,1009,1,2,170
12859,陪,1010,1,2,170
12927,隨,1011,1,7,162
12867,陵,1012,1,3,170
12838,降,1013,1,30,170
12831,陀,1014,1,3,170
12887,隈,1015,1,2,170
12830,阿,1016,1,10,170
12864,陳,1017,1,2,170
12951,隼,1018,1,2,172
12963,集,1019,1,3,172
13001,離,1020,1,5,172
12965,雉,1021,1,10,172
13012,雨,1022,1,2,173
13092,靈,1023,1,16,173
13020,雲,1024,1,6,173
13073,露,1025,1,4,173
13104,非,1026,1,10,175
13293,響,1027,1,2,180
13304,須,1028,1,7,181
13416,顯,1029,1,6,181
13391,願,1030,1,2,181
13380,顏,1031,1,2,181
13346,頭,1032,1,2,181
13316,頓,1033,1,5,181
13409,顧,1034,1,2,181
13302,順,1035,1,4,181
13325,頗,1036,1,2,181
13479,飄,1037,1,2,182
13641,饒,1038,1,3,184
13527,飯,1039,1,7,184
13636,饌,1040,1,2,184
13661,首,1041,1,3,185
13667,香,1042,1,2,186
13771,駿,1043,1,2,187
13681,馭,1044,1,2,187
13775,13775,1045,1,2,187
13680,馬,1046,1,2,187
13852,驚,1047,1,3,187
13873,骨,1048,1,2,188
13940,高,1049,1,37,189
14356,14356,1050,1,13,195
14213,鯛,1051,1,3,195
14279,鰭,1052,1,3,195
14361,鳥,1053,1,4,196
14537,14537,1054,1,7,196
14379,鳴,1055,1,3,196
14620,鹽,1056,1,5,108
14621,鹿,1057,1,14,198
14645,麗,1058,1,3,198
14809,鼻,1059,1,2,209
14829,齋,1060,1,6,210
14828,齊,1061,1,4,210
00154,亦,1062a,2,14,008
00154b,亦,1062b,2,14,008
00282,來,1063a,2,28,009
00282b,來,1063b,2,8,009
00567,光,1064a,2,2,010
00567b,光,1064b,2,1,010
00723,出,1065a,2,54,017
00723b,出,1065b,2,11,017
00759,初,1067a,2,4,018
00759b,初,1067b,2,1,018
01074,原,1068a,2,7,027
01074b,原,1068b,2,5,027
01484,嘯,1069a,2,2,030
01484b,嘯,1069b,2,1,030
01412,喜,1070a,2,1,030
01412b,喜,1070b,2,1,030
01611,因,1071a,2,20,031
01611b,因,1071b,2,17,031
01639,國,1072a,2,32,031
01639b,國,1072b,2,17,031
01796,報,1073a,3,4,032
01796b,報,1073b,3,3,032
01796c,報,1073c,3,1,032
01818,塗,1074a,2,1,032
01818b,塗,1074b,2,1,032
02262,子,1075a,2,36,039
02262b,子,1075b,2,4,039
02325,定,1076a,2,4,040
02325b,定,1076b,2,2,040
02425,將,1077a,2,15,041
02425b,將,1077b,2,7,041
02464,就,1078a,2,7,043
02464b,就,1078b,2,1,043
02903,幸,1079a,2,24,051
02903b,幸,1079b,2,1,051
02924,床,1080a,2,7,053
02924b,床,1080b,2,3,053
03005,延,1081a,2,3,054
03005b,延,1081b,2,1,054
03151,從,1082a,2,13,060
03151b,從,1082b,2,3,060
03159,復,1083a,2,17,060
03159b,復,1083b,2,13,060
03704,抑,1084a,2,2,064
03704b,抑,1084b,2,1,064
04062,撥,1085a,2,1,064
04062b,撥,1085b,2,1,064
04298,數,1086a,2,2,066
04298b,數,1086b,2,2,066
04389,於,1087a,2,58,070
04389b,於,1087b,2,11,070
05381,横,1089,1,3,075
04978,梔,1090a,2,1,075
04978b,梔,1090b,2,1,075
05633,歟,1091a,2,5,076
05633b,歟,1091b,2,3,076
05644,此,1092,2,77,077
05676,歸,1094a,2,7,077
05676b,歸,1094b,2,6,077
05643,正,1095a,2,3,077
05643b,正,1095b,2,1,077
06015,沈,1096a,2,2,085
06015b,沈,1096b,2,1,085
05979,汚,1097a,2,1,085
05979b,汚,1097b,2,1,085
06918,照,1098a,2,11,086
06918b,照,1098b,2,1,086
06861,焉,1099a,2,12,086
06861b,焉,1099b,2,12,086
07535,當,1100,1,42,102
07706,登,1101a,2,4,105
07706b,登,1101b,2,2,105
07718,皇,1102a,2,50,106
07718b,皇,1102b,2,3,106
08159,禦,1104a,2,2,113
08159b,禦,1104b,2,1,113
08256,稻,1105a,2,6,115
08256b,稻,1105b,2,1,115
08426,等,1106a,2,15,118
08426b,等,1106b,2,1,118
08619,籠,1107a,2,3,118
08619b,籠,1107b,2,3,118
09155,美,1108a,2,9,123
09155b,美,1108b,2,2,123
09278,耜,1109a,2,4,127
09278b,耜,1109b,2,2,127
09429,能,1110a,2,16,130
09429b,能,1110b,2,1,130
09394,背,1111a,2,3,130
09394b,背,1111b,2,1,130
09522,膂,1112a,2,2,130
09522b,膂,1112b,2,1,130
09548,膩,1113a,2,2,130
09548b,膩,1113b,2,1,130
09629,與,1114a,2,18,134
09629b,與,1114b,2,3,134
09632,擧,1115a,2,5,064
09632b,擧,1115b,2,1,064
09716,色,1116a,2,2,139
09716b,色,1116b,2,1,139
09788,若,1117a,2,16,140
09788b,若,1117b,2,1,140
10160,薦,1118a,2,1,140
10160b,薦,1118b,2,1,140
09954,萬,1119a,2,7,140
09954b,萬,1119b,2,2,140
09807,茂,1120a,2,4,140
09807b,茂,1120b,2,1,140
09758,花,1121a,2,4,140
09758b,花,1121b,2,2,140
10276,號,1122a,2,19,141
10276b,號,1122b,2,11,141
10703,裏,1123a,2,3,145
10703b,裏,1123b,2,2,145
10806,襲,1124a,2,2,145
10806b,襲,1124b,2,1,145
10834,覓,1125a,2,4,147
10834b,覓,1125b,2,2,147
10912,訖,1126a,2,4,149
10912b,訖,1126b,2,2,149
11495,足,1127a,2,5,157
11495b,足,1127b,2,1,157
12042,遊,1128a,2,7,162
12042b,遊,1128b,2,2,162
01052,卿,1129a,2,4,026
01052b,卿,1129b,2,3,026
12935,隱,1130a,2,2,170
12935b,隱,1130b,2,1,170
12991,雖,1131a,2,4,172
12991b,雖,1131b,2,2,172
13423,風,1132a,2,8,182
13423b,風,1132b,2,3,182
13551,養,1133a,2,4,184
13551b,養,1133b,2,3,184
13864,驢,1134a,2,1,187
13864b,驢,1134b,2,1,187
14101,魚,1135a,2,9,195
14101b,魚,1135b,2,4,195
14603,14603,1136a,2,5,196
14603b,14603,1136b,2,2,196
00701,凡,1137a,3,4,016
00701b,凡,1137b,3,1,016
00701c,凡,1137c,3,1,016
07043,爾,1138a,3,6,089
07043b,爾,1138b,3,2,089
07043c,爾,1138c,3,1,089
07938,矣,1139a,3,11,111
07938b,矣,1139b,3,10,111
07938c,矣,1139c,3,10,111
S00066,々,1140,〓,79,部外
07032,爲,1142,1,50,087
,,,,,
