,,hod_法蔵和尚,hod_法蔵和尚,hod_法蔵和尚,
統合ID,見出し文字,代表字形ID,字体数,用例数,部首
00006,丈,0001,0,1,001
00118,乾,0002,0,1,005
00126,予,0003,0,1,006
00206,任,0004,0,1,009
00325,俄,0005,0,1,009
00263,佩,0006,0,1,009
00219,休,0007,0,1,009
00554,儻,0008,0,1,009
00387,倦,0009,0,1,009
00340,俚,0010,0,1,009
00483,僉,0011,0,1,009
00287,例,0012,0,1,009
00313,侯,0013,0,1,009
00343,俟,0014,0,1,009
00513,價,0015,0,1,009
00243,位,0016,0,1,009
00414,偕,0017,0,1,009
00349,俯,0018,0,1,009
00369,候,0019,0,1,009
00429,側,0020,0,1,009
00498,僞,0021,0,1,009
00170,仁,0022,0,1,009
00378,倚,0023,0,1,009
00391,倫,0024,0,1,009
00520,億,0025,0,1,009
00185,付,0026,0,1,009
00542,優,0027,0,1,009
00564,兆,0028,0,1,010
00565,兇,0029,0,1,010
00593,兪,0030,0,1,011
00651,冥,0032,0,1,014
00672,冷,0033,0,1,015
00799,剖,0034,0,1,018
00768,刮,0035,0,1,018
00781,刹,0036,0,1,018
00818,副,0037,0,1,018
00729,刀,0038,0,1,018
00760,刪,0039,0,1,018
00910,勳,0040,0,1,019
00889,勘,0041,0,1,019
00877,勃,0042,0,1,019
00882,勉,0044,0,1,019
00865,劫,0045,0,1,019
00881,勇,0046,0,1,019
00919,勿,0047,0,1,020
00924,包,0048,0,1,020
00941,北,0049,0,1,021
01007,協,0050a,2,1,024
01007b,協,0050b,2,1,024
00991,升,0051,0,1,024
01033,卯,0052,0,1,026
01035,危,0053,0,1,026
01052,卿,0054,0,1,026
01034,印,0055,0,1,026
01079,厥,0056,0,1,027
01068,厚,0057,0,1,027
01104,參,0058,0,1,028
01116,反,0059,0,1,029
01109,叉,0060,0,1,029
01135,叟,0061,0,1,029
01217,吾,0062,0,1,030
01354,唶,0063,0,1,030
01187,呑,0064,0,1,030
01427,單,0065,0,1,030
01207,呉,0066,0,1,030
01584,嚼,0067,1,2,030
01350,唱,0068,0,1,030
01363,商,0069,0,1,030
01452,嗣,0070,0,1,030
01254,呾,0071,0,1,030
01255,咀,0072,0,1,030
01609,回,0073,0,1,031
01644,園,0074,0,1,031
01630,囿,0075,0,1,031
01758,基,0076,0,1,032
01863,墮,0077,0,1,032
01823,塞,0078,0,1,032
01839,境,0079,0,1,032
01851,墜,0080,0,1,032
01682,坐,0081,0,1,032
01913,壽,0082,0,1,033
01904,壬,0083,0,1,033
01932,夕,0084,0,1,036
01957,失,0085,0,1,037
02021,奰,0086,0,1,037
02019,奮,0087,0,1,037
01961,夷,0088,0,1,037
01968,奄,0089,0,1,037
02015,奬,0090,0,1,037
01992,奚,0091,0,1,037
02022,女,0092,0,1,038
02184,媧,0093,0,1,038
02043,妖,0094,0,1,038
02092,姦,0095,0,1,038
02103,姿,0096,0,1,038
02105,威,0097,0,1,038
02195,媿,0098,0,1,038
02281,孩,0099,0,1,039
02268,存,0100,0,1,039
02265,孕,0101,0,1,039
02295,孼,0102,0,1,039
02336,宦,0103,0,1,040
02406,寵,0104,0,1,040
02371,寒,0105,0,1,040
02351,宸,0106,0,1,040
02344,宰,0107,0,1,040
02308,守,0108,0,1,040
02331,客,0109,0,1,040
02352,容,0110,0,1,040
02355,宿,0111,0,1,040
02383,察,0112,0,1,040
02307,宇,0113,0,1,040
02312,宋,0114,0,1,040
02326,宛,0115,0,1,040
02333,宣,0116,0,1,040
02363,寇,0117,0,1,040
02426,專,0118,0,1,041
02427,尉,0119,0,1,041
02502,屠,0120,0,1,044
02478,尾,0121,0,1,044
02484,屆,0122,0,1,044
02485,屈,0123,0,1,044
02505,屣,0124,0,1,044
02470,尹,0125,0,1,044
02572,峒,0126,0,1,046
02598,峻,0127,0,1,046
02734,嶺,0128,0,1,046
02559,岳,0129,0,1,046
02606,崆,0130,0,1,046
02776,巨,0131,0,1,048
02773,工,0132,0,1,048
02881,幡,0133,0,1,050
02882,幢,0134,0,1,050
02857,幅,0135,0,1,050
02806,希,0136,0,1,050
02902,并,0137,0,1,051
02932,底,0138,0,1,053
02999,廬,0139,0,1,053
02938,府,0140,0,1,053
02922,庇,0141,0,1,053
02839,席,0142,0,1,050
02992,廢,0143,0,1,053
03010,廾,0144,0,1,055
03037,式,0145,0,1,056
03084,彌,0146,0,1,057
03066,強,0147,0,1,057
03101,形,0148,0,1,059
03109,彩,0149,0,1,059
03160,循,0150,0,1,060
03173,徹,0151,0,1,060
03226,怍,0152,0,1,061
03291,恨,0153,0,1,061
03297,恭,0154,0,1,061
03396,愒,0155,0,1,061
03200,忝,0156,0,1,061
03310,悇,0157,0,1,061
03229,怒,0158,0,1,061
03534,憶,0159,0,1,061
03486,憂,0160,0,1,061
03240,怠,0161,0,1,061
03244,性,0162,0,1,061
03523,憫,0163,0,1,061
03309,悦,0164,0,1,061
03466,慮,0165,1,2,061
03584,懶,0166,0,1,061
03549,懈,0167,0,1,061
03394,愊,0168,0,1,061
03307,悃,0170,0,1,061
03463,慨,0171,0,1,061
03585,懷,0172,0,1,061
03400,愕,0174,0,1,061
03265,恃,0175,0,1,061
03235,怙,0176,0,1,061
03219,忽,0177,0,1,061
03561,懜,0178,0,1,061
03551,懊,0179,0,1,061
03453,慙,0180a,2,1,061
03453b,慙,0180b,2,1,061
03638,戴,0181,0,1,062
03607,戎,0182,0,1,062
03633,戰,0183,0,1,062
03757,拘,0184,0,1,064
04066,撫,0185,0,1,064
03694,抄,0186,0,1,064
03704,抑,0187,0,1,064
04192,攝,0188,0,1,064
04008,摧,0189,0,1,064
03980,摛,0190,0,1,064
03882,措,0191,0,1,064
03675,扣,0192,0,1,064
03755,拙,0193,0,1,064
03878,接,0194,0,1,064
03880,推,0195,0,1,064
04122,擬,0196,0,1,064
04106,據,0197,0,1,064
03851,掃,0199,0,1,064
03720,抱,0200,0,1,064
03767,拯,0201,0,1,064
03921,揮,0202,0,1,064
04047,撓,0203,0,1,064
03844,捷,0204,0,1,064
03764,括,0205,0,1,064
04087,擊,0206,0,1,064
03862,排,0207,0,1,064
04091,擎,0208,0,1,064
03761,拜,0209,0,1,064
03854,掇,0210,0,1,064
04067,撮,0211,0,1,064
03768,拱,0212,0,1,064
03747,拒,0213,0,1,064
04133,擷,0215,0,1,064
04082,擁,0216,0,1,064
03926,援,0218,0,1,064
04233,放,0219,0,1,066
04280,散,0220,0,1,066
04231,攻,0221,0,1,066
04228,改,0222,0,1,066
04277,敢,0223,0,1,066
04293,敵,0224,0,1,066
04275,敡,0225,0,1,066
04394,旁,0226,0,1,070
04398,旃,0227,0,1,070
04406,旋,0228,0,1,070
04609,暵,0229,0,1,072
04586,暐,0230,0,1,072
04591,暗,0231,0,1,072
04620,曆,0232,0,1,072
04510,昭,0233,0,1,072
04490,昔,0234,0,1,072
04552,晦,0235,0,1,072
04500,映,0236,0,1,072
04542,晝,0237,0,1,072
04608,暴,0238,0,1,072
04452,早,0239,0,1,072
04486,昏,0240,0,1,072
04659,曹,0241,0,1,073
09621,臾,0242,0,1,134
04660,曼,0243,0,1,073
04676,朋,0244,0,1,074
04686,朔,0245,0,1,074
04679,服,0246,0,1,074
04688,朕,0247,0,1,074
05014,棄,0248,0,1,075
04924,格,0249,0,1,075
04888,栖,0250,0,1,075
04814,枰,0251,0,1,075
04735,李,0252,0,1,075
04780,松,0253,0,1,075
04712,末,0254,1,2,075
05228,槃,0255,0,1,075
05056,棲,0256,0,1,075
04933,案,0257,0,1,075
05081,椎,0258,0,1,075
04904,校,0259,0,1,075
05391,檀,0260,0,1,075
05340,橇,0261,0,1,075
04941,桑,0262,0,1,075
04725,朽,0263,0,1,075
04984,條,0264,0,1,075
04930,桃,0265,0,1,075
05001,械,0266,0,1,075
05080,植,0267,0,1,075
05348,橋,0268,0,1,075
04967,梁,0269,0,1,075
04758,杪,0270,0,1,075
05529,權,0271,0,1,075
05165,楷,0272,0,1,075
04971,梅,0273,0,1,075
04787,枉,0274,0,1,075
05580,欲,0275,0,1,076
05587,欺,0276,0,1,076
05633,歟,0277,0,1,076
05649,武,0278,0,1,077
05650,歧,0279,0,1,077
05784,殲,0280,0,1,078
05820,毅,0281,0,1,079
05809,殿,0282,0,1,079
05850,毛,0283,0,1,082
05867,毫,0284,0,1,082
05878,毳,0285,0,1,082
05935,民,0286,0,1,083
06020,沐,0287,0,1,085
06138,洲,0288,0,1,085
06652,濬,0289,0,1,085
06340,游,0290,0,1,085
06128,津,0291,0,1,085
06179,浴,0292,0,1,085
06278,淬,0293,0,1,085
06125,洞,0294,0,1,085
06086,波,0295,0,1,085
06748,灌,0296,0,1,085
06684,瀉,0297,0,1,085
06437,滋,0298,0,1,085
06428,滂,0299,0,1,085
06381,湯,0300,0,1,085
06071,泒,0301,0,1,085
06091,注,0302,0,1,085
06184,浹,0303,0,1,085
06096,泯,0304,0,1,085
06043,沱,0305,0,1,085
05986,池,0306,0,1,085
06219,液,0307,0,1,085
06378,湫,0308,0,1,085
06346,渾,0309,0,1,085
06545,潭,0310,0,1,085
06338,渴,0311,0,1,085
06087,泣,0312,0,1,085
06057,沿,0313,0,1,085
06289,混,0314,0,1,085
06029,沖,0315,0,1,085
06292,淺,0316,0,1,085
06294,添,0317,0,1,085
05979,汙,0318,0,1,085
06607,澹,0319,0,1,085
06238,淆,0320,0,1,085
06981,燕,0321,0,1,086
06792,災,0322,0,1,086
06978,燒,0323,0,1,086
06941,熏,0324,0,1,086
06984,營,0325,0,1,086
06949,熟,0326,0,1,086
06816,炬,0327,0,1,086
06904,煜,0328,0,1,086
07016,爚,0329,0,1,086
06825,炷,0330,0,1,086
06831,烈,0331,0,1,086
07035,父,0332,0,1,088
07046,牂,0333,0,1,090
07048,片,0334,0,1,091
07079,牧,0335,0,1,093
07230,獨,0336,0,1,094
07171,猊,0337,0,1,094
07180,猛,0338,0,1,094
07164,狻,0339,0,1,094
07212,獄,0340,0,1,094
07204,猷,0341,0,1,094
07110,犬,0342,0,1,094
07259,率,0343,0,1,095
07277,玷,0344,0,1,096
07336,瑋,0345,0,1,096
07356,瑰,0346,0,1,096
07386,環,0347,0,1,096
07389,璽,0348,0,1,096
07298,班,0349,0,1,096
07378,璞,0350,0,1,096
07312,琢,0351,0,1,096
07467,甦,0352,0,1,100
07470,甫,0353,0,1,101
07591,疾,0354,0,1,104
07649,瘡,0355,0,1,104
07579,疱,0356,0,1,104
07580,疲,0357,0,1,104
07703,癸,0358,0,1,105
07731,皞,0359,0,1,106
07771,盜,0360,0,1,108
07762,盍,0361,0,1,108
07904,瞶,0362,0,1,109
07839,眷,0363,0,1,109
M23656,𥉈,0364,0,1,109
07813,眉,0365,0,1,109
07912,矇,0366,0,1,109
07858,睟,0367,0,1,109
07928,矚,0368,0,1,109
07796,盲,0369,0,1,109
07870,睹,0370a,2,6,109
07870b,睹,0370b,2,1,109
07873,睿,0371,0,1,109
07843,眼,0372,0,1,109
07907,瞻,0373,0,1,109
07930,矜,0374,0,1,110
07951,矯,0375,0,1,111
07948,短,0376,0,1,111
08029,碩,0377,0,1,112
08057,磨,0378,0,1,112
07954,石,0379,0,1,112
08141,祿,0380,0,1,113
08147,禎,0381,0,1,113
08143,禁,0382,0,1,113
08150,禖,0383,0,1,113
08109,祉,0384,0,1,113
08107,祇,0385,0,1,113
08101,社,0386,0,1,113
08213,稀,0387,0,1,115
08269,積,0388,0,1,115
08229,稔,0389,0,1,115
08256,稻,0390,0,1,115
08177,禾,0391,0,1,115
08258,稽,0392,0,1,115
08206,秩,0393,0,1,115
08212,移,0394,0,1,115
08204,秦,0395,0,1,115
08325,窣,0396,0,1,116
08329,窮,0397,0,1,116
08365,竟,0398,0,1,117
08375,竭,0399,0,1,117
08396,笑,0400,0,1,118
08477,管,0401,0,1,118
08500,篇,0402,0,1,118
08634,籲,0403,0,1,118
08541,𥱼,0404,0,1,118
08497,範,0405,0,1,118
08457,筵,0406,0,1,118
08382,竹,0407,0,1,118
08603,籍,0408,0,1,118
08462,箋,0409,0,1,118
08664,粟,0410,0,1,119
08788,紺,0411,0,1,120
08760,紛,0412,0,1,120
08757,紘,0413,0,1,120
08735,紀,0414,0,1,120
08779,細,0415,0,1,120
08913,緒,0416,0,1,120
08933,緬,0417,0,1,120
08822,給,0418,0,1,120
08916,線,0419,0,1,120
08787,紹,0420,0,1,120
08950,縈,0421,0,1,120
08834,絲,0422,0,1,120
08738,約,0423,0,1,120
08797,組,0424,0,1,120
08899,綿,0425,0,1,120
09028,繩,0426,0,1,120
09047,繼,0427,0,1,120
09078,纛,0428,0,1,120
09072,纓,0429,0,1,120
08710,糝,0430,0,1,119
08891,綸,0431,0,1,120
08938,練,0432,0,1,120
09075,纖,0433,0,1,120
09012,織,0434,0,1,120
09073,纔,0435,0,1,120
09079,纜,0436,0,1,120
08982,縱,0437,0,1,120
08921,締,0438,0,1,120
08765,素,0439,0,1,120
08773,紫,0440,0,1,120
09055,纇,0441,0,1,120
08945,緼,0442,0,1,120
09125,罪,0443,0,1,122
09182,羯,0444,0,1,123
09150,羊,0445,0,1,123
09168,羞,0446,0,1,123
09228,翦,0447,0,1,124
09214,習,0448,0,1,124
09240,翹,0449,0,1,124
09245,翼,0450,0,1,124
09332,職,0451,0,1,128
09336,聾,0452,0,1,128
09329,聳,0453,0,1,128
09325,聯,0454,0,1,128
09330,聵,0455,0,1,128
09411,胡,0456,0,1,130
09584,臘,0457,0,1,130
09572,臆,0458,0,1,130
04681,朏,0459,0,1,074
09562,膽,0460,0,1,130
09414,胥,0461,0,1,130
09436,脇,0462,0,1,130
09587,臚,0463,0,1,130
09665,般,0464,0,1,137
09715,艱,0465,0,1,138
10183,藁,0466,0,1,140
10121,蕤,0467,0,1,140
10022,蒯,0468,0,1,140
09934,萃,0469,0,1,140
01850,墓,0470,0,1,032
10162,薨,0471,0,1,140
09807,茂,0472,0,1,140
09725,艾,0473,0,1,140
10139,薄,0474,0,1,140
10079,蔟,0475,0,1,140
09782,苟,0476,0,1,140
09982,葦,0477,0,1,140
09925,菴,0478,0,1,140
09743,芟,0479,0,1,140
10048,蓬,0480,0,1,140
10086,蔭,0481,0,1,140
10204,藥,0482,0,1,140
10189,藍,0483,0,1,140
10266,虐,0484,0,1,141
10276,號,0486a,2,3,141
10276b,號,0486b,2,1,141
10273,虜,0487,0,1,141
10546,蟬,0488,0,1,142
10287,虯,0489,0,1,142
10390,蜀,0490,0,1,142
10540,蟠,0491,0,1,142
10600,蠹,0492,0,1,142
10528,蟄,0493,0,1,142
10617,衒,0494,0,1,144
10631,衡,0495,0,1,144
10618,術,0496,0,1,144
10636,衢,0497,0,1,144
10792,襟,0498,0,1,145
10724,裳,0499,0,1,145
10653,衷,0500,0,1,145
10669,袒,0501,0,1,145
10682,袪,0502,0,1,145
10683,被,0503,0,1,145
10675,袞,0504,0,1,145
10696,裁,0505,0,1,145
10761,褰,0506,0,1,145
10826,覆,0507,0,1,146
10849,覬,0508,0,1,147
10860,角,0509,0,1,148
10967,詞,0510,0,1,149
11079,諱,0511,0,1,149
11121,謝,0512,0,1,149
10974,詣,0513,0,1,149
10984,詳,0514,0,1,149
10920,訣,0515,0,1,149
11098,謄,0516,0,1,149
11189,譬,0517,0,1,149
10972,詢,0518,0,1,149
11086,諺,0519,0,1,149
11172,譚,0520,0,1,149
11076,諮,0521,0,1,149
11053,諏,0522,0,1,149
11134,謬,0523,0,1,149
10897,訊,0524,0,1,149
10930,許,0525,0,1,149
11111,謐,0526,0,1,149
10979,詩,0527,0,1,149
11073,諧,0528,0,1,149
11094,謁,0529,0,1,149
10913,託,0530,0,1,149
11021,誣,0531,0,1,149
10916,訛,0532,0,1,149
M35254,𧥮,0533,0,1,149
11167,譔,0534,0,1,149
11217,讌,0535,0,1,149
10981,詬,0536,0,1,149
10943,訾,0537,0,1,149
11220,讎,0538,0,1,149
11234,谷,0539,0,1,150
11280,豨,0540,0,1,152
11355,貴,0541,0,1,154
11343,貫,0542,0,1,154
11335,貢,0543,0,1,154
11328,貝,0544,0,1,154
11422,賾,0545,0,1,154
11377,賊,0546,0,1,154
11349,貯,0547,0,1,154
11410,賮,0548,0,1,154
07329x3,琛,0549,0,1,096
11386,賓,0550,0,1,154
11358,貺,0551,0,1,154
11432,贊,0552,0,1,154
11445,赤,0553,0,1,155
11490,趨,0554,0,1,156
11542,跪,0555,0,1,157
11597,踵,0556,0,1,157
11515,跋,0557,0,1,157
11504,趾,0558,0,1,157
11708,躡,0559,0,1,157
11565,踊,0560,0,1,157
11678,躅,0561,0,1,157
11782,軻,0562,0,1,159
11823,輦,0563,0,1,159
11802,輕,0564,0,1,159
11791,較,0565,0,1,159
11815,輝,0566,0,1,159
11744,軌,0567,0,1,159
11896,辜,0568,0,1,160
11919,農,0569,0,1,161
12099,遼,0570,0,1,162
12002,逞,0571,0,1,162
12003,速,0572,0,1,162
12009,逢,0573,0,1,162
12083,遮,0574,0,1,162
12047,遏,0575,0,1,162
12001,逝,0576,0,1,162
11998,逗,0577,0,1,162
03008,廻,0578,0,1,054
12205,鄕,0580,0,1,163
12170,郡,0581,0,1,163
12160,郊,0582,0,1,163
12179,郭,0583,0,1,163
12134,那,0584,0,1,163
12171,郢,0585,0,1,163
12362,釁,0586,0,1,164
12294,酬,0587,0,1,164
12350,醴,0588,0,1,164
12355,醻,0589,0,1,164
12266,酒,0590,0,1,164
12341,醫,0591,0,1,164
12367,采,0592,0,1,165
12372,里,0593,0,1,166
12374,野,0594,0,1,166
12395,釭,0595,0,1,167
12459,銑,0596,0,1,167
12479,鋈,0597,0,1,167
12645,鐘,0598,0,1,167
12570,鎔,0599,0,1,167
12664,鑊,0600,0,1,167
12563,鍾,0601,0,1,167
12494,鋪,0602,0,1,167
12665,鑑,0604a,2,1,167
12665b,鑑,0604b,2,1,167
05589,欽,0605,0,1,076
12781,闓,0606,0,1,169
12722,閑,0607,0,1,169
12778,闐,0608,0,1,169
12739,閣,0609,0,1,169
12750,閭,0610,0,1,169
12790,關,0611,0,1,169
12769,闈,0612,0,1,169
12897,隓,0613,0,1,170
12854,陣,0614,0,1,170
12870,陸,0615,0,1,170
12851,陟,0616,0,1,170
12853,院,0617,0,1,170
12828,阽,0618,0,1,170
12839,限,0619,0,1,170
12945,隸,0620,0,1,171
12961,雄,0621,0,1,172
12957,雁,0622,0,1,172
02617,崔,0623,0,1,046
13088,靄,0624,0,1,173
13072,霰,0625,0,1,173
13054,霞,0626,0,1,173
13063,霧,0627,0,1,173
13052,霜,0628,0,1,173
13023,雷,0629,0,1,173
13095,青,0630,0,1,174
13114,靦,0631,0,1,176
13121,革,0632,0,1,177
13261,韞,0633,0,1,178
13293,響,0634,0,1,180
13417,顰,0635,0,1,181
13359,頻,0636,0,1,181
13354,頷,0637,0,1,181
13307,頌,0638,0,1,181
13344,頮,0639,0,1,181
13380,顏,0640,0,1,181
13641,饒,0641,0,1,184
13552,餌,0642,0,1,184
13573,餠,0643,0,1,184
13542,飾,0644,0,1,184
13773,騁,0645,0,1,187
13724,駕,0646,0,1,187
13688,馳,0647,0,1,187
13839,驅,0648,0,1,187
13852,驚,0649,0,1,187
14002,鬚,0650,0,1,190
13999,鬘,0651,0,1,190
14072,魄,0652,0,1,194
14084,魏,0653,0,1,194
14116,魯,0654,0,1,195
14366,鳩,0655,0,1,196
14378,鳳,0656,0,1,196
14473,鵝,0657,0,1,196
14379,鳴,0658,0,1,196
14446,鴻,0659,0,1,196
14393,鴃,0660,0,1,196
14655,麟,0661,0,1,198
14645,麗,0662,0,1,198
14699,黍,0663,0,1,202
14681,麻,0664,0,1,200
14698,黌,0665,0,1,201
14790,鼠,0666,0,1,208
14831,齎,0667,0,1,210
14829,齋,0668,0,1,210
14850,齡,0669,0,1,211
14887,龜,0670,0,1,213
00026,丘,0671,1,3,001
00025,世,0672,1,6,001
00013,不,0673,1,38,001
00001,一,0674,1,45,001
00020,且,0675,1,9,001
00008,上,0676,1,11,001
00004,七,0677,1,12,001
00007,三,0678,1,40,001
00009,下,0679,1,10,001
00051,中,0680,1,29,002
00070,主,0681,1,5,003
00069,丹,0682,1,2,003
00088,之,0683,1,181,004
00085,久,0687,1,5,004
00092,乎,0688,1,25,004
00102,乘,0689,1,8,004
00100,乖,0690,1,2,004
00078,乃,0691,1,22,004
00090,乍,0692,1,3,004
00107,九,0693,1,10,005
00109,也,0694,1,39,005
00128,事,0695,1,17,006
00125,了,0696,1,2,006
00134,互,0697,1,2,007
00136,井,0698,1,2,007
00135,五,0699,1,19,007
00133,云,0700,1,13,007
00129,二,0701,1,37,007
00132,于,0702,1,6,007
00157,京,0703,1,5,008
00154,亦,0704,1,8,008
00161,亮,0705,1,2,008
00156,享,0706,1,2,008
00194,以,0707,1,52,009
00449,傍,0708,1,2,009
00360,俾,0709,1,8,009
00193,令,0710,1,14,009
00175,今,0711,1,10,009
00350,倶,0712,1,3,009
00240,但,0713,1,2,009
00186,仙,0714,1,2,009
00256,作,0715,1,6,009
00255,佛,0716,1,9,009
00288,侍,0717,1,2,009
00299,供,0718,1,3,009
00405,假,0719,1,2,009
00516,儀,0720,1,3,009
00555,儼,0721,1,10,009
00217,伏,0722,1,6,009
00168,人,0723,1,37,009
00177,仍,0724,1,10,009
00345,信,0725,1,7,009
00236,伽,0726,1,5,009
00192,代,0727,1,6,009
00479,僅,0728,1,2,009
00407,偉,0729,1,2,009
00406,偈,0730,1,6,009
00503,僧,0731,1,14,009
00282,來,0732,1,20,009
00199,仰,0733,1,4,009
00183,他,0734,1,2,009
00250,何,0735,1,4,009
00468,傳,0736,1,30,009
00385,値,0737,1,2,009
00321,便,0738,1,5,009
00338,俗,0739,1,8,009
00293,侔,0740,1,2,009
00301,依,0741,1,2,009
00218,伐,0742,1,2,009
00316,侶,0743,1,2,009
00489,像,0744,1,5,009
00279,使,0745,1,15,009
00560,元,0746,1,11,010
00567,光,0747,1,22,010
00566,先,0748,1,9,010
00561,兄,0749,1,2,010
00589,全,0750,1,2,011
00582,入,0751,1,12,011
00585,内,0752,1,7,011
00591,兩,0753,1,11,011
00608,典,0754,1,3,012
00596,公,0755,1,7,012
00594,八,0756,1,5,012
00597,六,0757,1,15,012
00599,共,0758,1,3,012
00613,兼,0759,1,4,012
00606,具,0760,1,8,012
00605,其,0761,1,48,012
00602,兵,0762,1,2,012
00629,再,0763,1,4,013
00625,冊,0764,1,2,013
00646,冠,0765,1,2,014
05558,次,0766,1,3,076
00662,冬,0767,1,3,015
00664,冰,0768,1,2,015
00701,凡,0769,1,2,016
00723,出,0770,1,16,017
00734,分,0771,1,7,018
00754,列,0772,1,2,018
00776,制,0773,1,4,018
00735,切,0774,1,2,018
00767,利,0775,1,7,018
00794,前,0776,1,15,018
00791,削,0777,1,3,018
00763,別,0778,1,12,018
00789,則,0779,1,24,018
00843,劍,0780,1,2,018
00761,判,0781,1,2,018
00856,力,0782,1,8,019
00858,加,0783,1,9,019
00863,助,0784,1,2,019
00857,功,0785,1,11,019
00887,動,0786,1,3,019
00893,勝,0787,1,3,019
00885,勒,0788,1,2,019
00890,務,0789,1,3,019
00894,勞,0790,1,3,019
00900,勤,0791,1,3,019
00879,勅,0792,1,7,019
00938,化,0793,1,7,021
00959,匪,0794,1,2,022
00975,匹,0795,1,2,023
00992,午,0796,1,2,024
00985,十,0797,1,45,024
00987,千,0798,1,8,024
01010,南,0799,1,4,024
01016,博,0800,1,5,024
00994,半,0801,1,2,024
01004,卒,0802,1,2,024
01040,卷,0803,1,21,026
01049,卽,0804,1,7,026
01074,原,0805,1,2,027
01101,去,0806,1,2,028
01128,受,0807,1,6,029
01127,取,0808,1,4,029
01111,及,0809,1,15,029
01133,叛,0810,1,2,029
01112,友,0811,1,2,029
01108,又,0812,1,7,029
01235,周,0813,1,6,030
01252,命,0814,1,12,030
01215,吼,0815,1,2,030
01176,后,0816,1,3,030
01141,口,0817,1,2,030
01179,向,0818,1,3,030
01203,呈,0819,1,2,030
01174,同,0820,1,10,030
01143,句,0821,1,2,030
01150,召,0822,1,3,030
01349,唯,0823,1,4,030
01157,史,0824,1,8,030
01142,古,0825,1,9,030
01581,嚴,0826,1,31,030
01185,君,0828,1,2,030
01172,吉,0829,1,2,030
01170,合,0830,1,4,030
01468,嘉,0831,1,2,030
01412,喜,0832,1,7,030
01296,品,0833,1,9,030
01288,咸,0834,1,2,030
01242,味,0835,1,5,030
01168,各,0836,1,4,030
01155,台,0837,1,2,030
01219,告,0838,1,3,030
01163,司,0839,1,2,030
01160,叵,0840,1,2,030
01263,和,0841,1,6,030
01342,唐,0842,1,6,030
01373,啓,0843,1,5,030
01523,器,0844,1,2,030
01421,喩,0845,1,3,030
01326,哲,0846,1,3,030
01305,哉,0847,1,3,030
01451,嗟,0848,1,2,030
01395,善,0849,1,10,030
01175,名,0850,1,16,030
01154,可,0851,1,17,030
01369,問,0852,1,7,030
01295,哀,0853,1,2,030
01158,右,0854,1,3,030
01479,嘗,0855,1,3,030
01607,四,0856,1,19,031
01627,固,0857,1,4,031
01647,圖,0858,1,2,031
01639,國,0859,1,13,031
01645,圓,0860,1,12,031
01611,因,0861,1,27,031
01654,土,0862,1,4,032
01798,場,0863,1,7,032
01659,在,0864,1,8,032
01853,增,0865,1,3,032
01765,堂,0866,1,2,032
01740,城,0867,1,3,032
01745,域,0868,1,3,032
01710,垂,0869,1,5,032
01831,塵,0870,1,5,032
01666,地,0871,1,10,032
01816,塔,0872,1,5,032
01878,壇,0873,1,2,032
01674,均,0874,1,3,032
01755,執,0875,1,2,032
01903,士,0876,1,8,033
01927,夏,0877,1,4,035
01943,夢,0878,1,4,036
01936,夙,0879,1,2,036
01939,夜,0880,1,3,036
01938,多,0881,1,13,036
01934,外,0882,1,4,036
01972,奇,0883,1,4,037
01981,奏,0884,1,4,037
02010,奧,0885,1,2,037
01974,奉,0886,1,6,037
01984,契,0887,1,5,037
01949,夫,0888,1,3,037
01946,大,0889,1,36,037
01948,太,0890,1,5,037
01947,天,0891,1,33,037
02142,婆,0892,1,3,038
02078,委,0893,1,3,038
02077,姓,0894,1,5,038
02033,妄,0895,1,3,038
02069,始,0896,1,8,038
02031,如,0897,1,26,038
02045,妙,0898,1,11,038
02282,孫,0899,1,3,039
02267,字,0900,1,5,039
02284,孰,0901,1,2,039
02262,子,0902,1,12,039
02293,學,0903,1,16,039
02273,孝,0904,1,3,039
02275,孟,0905,1,2,039
02387,寢,0906,1,2,040
02361,密,0907,1,2,040
02395,審,0908,1,3,040
02372,寓,0909,1,2,040
02390,實,0910,1,13,040
02322,宗,0911,1,19,040
02342,宮,0912,1,2,040
02325,定,0913,1,6,040
02332,室,0914,1,6,040
02327,宜,0915a,2,3,040
02327b,宜,0915b,2,2,040
02309,安,0916,1,10,040
07076,牢,0917,1,2,093
02349,家,0918,1,4,040
02306,宅,0919,1,2,040
02323,官,0920,1,5,040
02357,寂,0921,1,3,040
02386,寡,0922,1,2,040
02396,寫,0923,1,4,040
02373,寔,0924,1,3,040
02316,宏,0925,1,2,040
02358,寄,0926,1,2,040
02407,寶,0927,1,13,040
02413,寸,0928,1,2,041
02415,寺,0929,1,28,041
02425,將,0930,1,5,041
02429,尊,0931,1,2,041
02435,對,0932,1,2,041
02422,射,0933,1,2,041
02436,導,0934,1,3,041
02440,少,0935,1,2,042
02446,尚,0936,1,5,042
02439,小,0937,1,6,042
02464,就,0938,1,7,043
02482,居,0939,1,9,044
02471,尺,0940,1,3,044
02473,尼,0941,1,3,044
02528,山,0942,1,11,046
02607,崇,0943,1,3,046
02764,州,0944,1,5,047
02774,左,0945,1,5,048
02780,差,0946,1,2,048
02775,巧,0947,1,4,048
02784,巳,0948,1,7,049
02820,帝,0949,1,4,050
02816,帙,0950,1,3,050
02847,常,0951,1,6,050
02835,師,0952,1,41,050
02903,幸,0953,1,4,051
02899,平,0954,1,4,051
02900,年,0955,1,27,051
02915,幾,0956,1,2,052
02963,庸,0957,1,2,053
02946,座,0958,1,3,053
02961,庶,0959,1,3,053
02962,康,0960,1,6,053
02944,度,0961,1,6,053
02993,廣,0962,1,10,053
02928,序,0963,1,5,053
03005,延,0964,1,2,054
03006,建,0965,1,4,054
03052,弟,0966,1,5,057
03044,引,0967,1,6,057
03065,張,0968,1,3,057
03047,弘,0969,1,5,057
03115,彰,0970,1,2,059
03116,影,0971,1,2,059
03159,復,0972,1,12,060
03128,往,0973,1,4,060
03132,待,0974,1,3,060
03124,彼,0975,1,7,060
03137,律,0976,1,3,060
03138,後,0977,1,28,060
03151,從,0978,1,12,060
03145,得,0979,1,17,060
03172,德,0980,1,13,060
03153,御,0981,1,3,060
03157,徧,0982,1,8,060
03143,徒,0983,1,6,060
03165,微,0984,1,4,060
03501,憑,0985,1,4,061
03267,恆,0986,1,3,061
03372,惱,0987,1,2,061
03587,懺,0988,1,2,061
03373,想,0989,1,5,061
03371,惰,0990,1,2,061
03289,恥,0991,1,2,061
03326,悟,0992,1,8,061
03395,意,0993,1,5,061
03196,忘,0994,1,3,061
03245,怨,0995,1,2,061
03365,惟,0996,1,3,061
03530,憲,0997,1,2,061
03214,念,0998,1,3,061
03194,志,0999,1,3,061
03586,懸,1000,1,3,061
03312,悉,1001,1,6,061
03404,愚,1002,1,2,061
03179,心,1003,1,44,061
03550,應,1004,1,9,061
03335,悲,1005,1,3,061
03239,思,1006,1,5,061
03292,恩,1007,1,5,061
03462,慧,1008,1,12,061
03184,忍,1009,1,2,061
03409,感,1010,1,6,061
03439,慈,1011,1,12,061
03474,慶,1012,1,2,061
03390,愆,1013,1,2,061
03548,懇,1014a,2,2,061
03548b,懇,1014b,2,1,061
03355,惑,1015,1,3,061
03203,忠,1016,1,2,061
03298,息,1017,1,2,061
03180,必,1018,1,3,061
03612,戒,1019,1,8,062
03617,或,1020,1,28,062
03610,成,1021,1,22,062
03611,我,1022,1,3,062
03647,所,1023,1,31,063
03896,提,1024,1,3,064
03874,探,1025,1,10,064
03881,掩,1026,1,4,064
04070,撰,1027,1,3,064
04085,擇,1028,1,4,064
03711,折,1029,1,3,064
03835,捨,1030,1,5,064
03858,掌,1031,1,5,064
03687,批,1032,1,2,064
03904,揚,1033,1,3,064
04009,摩,1034,1,3,064
03659,手,1035,1,3,064
03708,投,1036,1,4,064
03750,拔,1037,1,3,064
03855,授,1038,1,10,064
03690,承,1039,1,6,064
03783,指,1040,1,6,064
03780,持,1041,1,7,064
03686,扶,1042,1,3,064
04084,擅,1043,1,2,064
03952,搜,1044,1,9,064
04069,播,1045,1,2,064
04126,擯,1046,1,3,064
03715,披,1047,1,3,064
03834,捧,1048,1,2,064
03661,才,1049,1,2,064
04216,支,1050,1,4,065
04319,變,1051,1,2,066
04263,救,1052a,2,1,066
04263b,救,1052b,2,1,066
04258,敘,1053,1,3,066
04235,政,1054,1,2,066
04251,效,1055a,2,2,066
04251b,效,1055b,2,1,066
04298,數,1056,1,14,066
04296,敷,1057,1,5,066
04261,教,1058a,2,19,066
04261b,教,1058b,2,1,066
04286,敬,1059,1,2,066
04243,故,1060,1,14,066
04332,斑,1061,1,2,067
04321,文,1062,1,24,067
04373,斯,1063,1,8,069
04376,新,1064,1,9,069
04381,斷,1065,1,3,069
04389,於,1066,1,55,070
04391,施,1068,1,2,070
04412,族,1069,1,2,070
04385,方,1070,1,11,070
04442,旣,1071,1,12,071
04512,是,1072,1,32,072
04446,日,1073,1,26,072
04485,明,1074,1,9,072
04621,曇,1075,1,2,072
04480,昇,1076,1,2,072
04603,暫,1077,1,2,072
04506,昨,1078,1,2,072
04623,曉,1079,1,3,072
04558,景,1080,1,5,072
04557,普,1081,1,3,072
04505,昧,1082,1,3,072
04489,易,1083,1,3,072
04447,旦,1084,1,2,072
04569,智,1085,1,8,072
04539,晩,1086,1,2,072
04530,晉,1087,1,3,072
04600,暢,1088,1,2,072
04450,旨,1089,1,6,072
04503,春,1090,1,2,072
04523,時,1091,1,11,072
04617,曁,1092,1,2,072
04453,旬,1093,1,5,072
04667,會,1094,1,9,073
04650,曰,1095,1,47,073
04657,書,1096,1,12,073
04651,曲,1097,1,2,073
04654,更,1098,1,4,073
04661,曾,1099,1,4,073
04674,有,1100,1,49,074
04696,朝,1101,1,12,074
04673,月,1102,1,14,074
04699,期,1103,1,3,074
05152,業,1104,1,5,075
04803,林,1105,1,7,075
04713,本,1106,1,14,075
05164,𣕋,1107,1,2,075
05323,樹,1108,1,3,075
05161,極,1109,1,4,075
05138,楞,1110,1,3,075
04715,朮,1111,1,2,075
04707,木,1112,1,3,075
05010,梵,1113,1,17,075
05279,樂,1114,1,4,075
04922,根,1115,1,2,075
04806,果,1116,1,2,075
04794,析,1117,1,2,075
05368,機,1118,1,4,075
04869,柯,1119,1,2,075
04711,未,1120,1,13,075
05302,標,1121,1,6,075
05210,榮,1122,1,5,075
04765,東,1123,1,14,075
04848,染,1124,1,3,075
05588,欻,1125,1,2,076
05612,歎,1126,1,2,076
05561,欣,1127,1,4,076
05644,此,1128,1,21,077
05670,歷,1129,1,4,077
05676,歸,1130,1,11,077
05643,正,1131,1,8,077
05641,止,1132,1,4,077
05666,歳,1133,1,5,077
05692,歿,1134,1,2,078
05702,殄,1135,1,2,078
05686,死,1136,1,3,078
05717,殊,1137,1,3,078
05836,每,1138,1,7,080
05834,母,1139,1,4,080
05841,比,1140,1,4,081
05932,氏,1141,1,7,083
06476,滿,1142,1,2,085
06123,洛,1143,1,3,085
06003,決,1144,1,2,085
06031,沙,1145,1,4,085
06335,測,1146,1,2,085
06564,澄,1147,1,3,085
06651,濫,1148,1,3,085
05952,水,1149,1,2,085
06058,況,1150,1,3,085
06074,法,1151,1,51,085
06063,泉,1153,1,3,085
06175,浮,1154,1,2,085
06147,洽,1155,1,4,085
06230,涼,1156,1,3,085
06517,漸,1157,1,2,085
06487,漏,1158,1,2,085
06553,潤,1159,1,3,085
06641,濟,1160,1,4,085
06400,準,1161,1,3,085
06290,清,1162,1,5,085
05957,永,1163,1,4,085
06151,流,1164,1,13,085
06490,演,1165,1,12,085
06056,沾,1166,1,2,085
05964,求,1167,1,9,085
06045,河,1168,1,2,085
06182,海,1169,1,10,085
06432,滅,1170,1,3,085
06272,淨,1171,1,7,085
05985,江,1172,1,2,085
06114,洎,1173,1,2,085
06285,深,1174,1,12,085
06193,涉,1175,1,3,085
06009,沃,1176,1,2,085
06396,源,1177,1,6,085
06872,無,1178,1,41,086
06921,煩,1179,1,3,086
06971,燈,1180,1,5,086
06801,炎,1181,1,2,086
06918,照,1182,1,8,086
06885,然,1183,1,11,086
06861,焉,1184,1,18,086
06991,燭,1185,1,2,086
06776,火,1186,1,2,086
07028,爭,1187,1,2,087
07030,爰,1188,1,3,087
07032,爲,1189,1,34,087
07043,爾,1190,1,3,089
07061,牓,1191,1,2,091
07072,牛,1192,1,2,093
07080,物,1193,1,3,093
07086,特,1194,1,4,093
07203,猶,1195,1,8,094
07122,狀,1196,1,5,094
07241,獲,1197,1,4,094
07258,玆,1198,1,9,095
07256,玄,1199,1,17,095
07287,珍,1200,1,2,096
07291,珠,1201,1,2,096
07346,瑞,1202,1,2,096
07304,現,1203,1,2,096
07272,玩,1204,1,2,096
07261,玉,1205,1,7,096
07307,理,1206,1,8,096
07262,王,1207,1,15,096
07457,甚,1208,1,4,099
07456,甘,1209,1,3,099
07461,生,1210,1,13,100
07469,用,1211,1,12,101
07530,異,1212,1,12,102
07535,當,1213,1,5,102
07520,畢,1214,1,3,102
07522,略,1215,1,8,102
07479,由,1216,1,5,102
07508,留,1217,1,2,102
07481,申,1218,1,2,102
07501,界,1219,1,7,102
07478,田,1220,1,2,102
07557,疏,1221,1,11,103
07559,疑,1222,1,6,103
07707,發,1223,1,4,105
07706,登,1224,1,2,105
07718,皇,1225,1,9,106
07717,皆,1226,1,11,106
07709,白,1227,1,2,106
07710,百,1228,1,16,106
07779,盡,1229,1,9,108
07770,盛,1230,1,3,108
07759,益,1231,1,7,108
07758,盈,1232,1,2,108
07832,眩,1233,1,2,109
07807,省,1234,1,2,109
07790,目,1235,1,10,109
07801,相,1236,1,9,109
07799,直,1237,1,3,109
07844,眾,1238,1,14,109
07827,眞,1239,1,16,109
07943,矧,1240,1,3,111
07938,矣,1241,1,7,111
07941,知,1242,1,11,111
08019,碑,1243,1,4,112
08077,礙,1244a,2,2,112
08077b,礙,1244b,2,2,112
08117,祖,1245,1,3,113
08097,示,1246,1,11,113
08167,禱,1247,1,2,113
08162,禪,1248,1,6,113
08108,祈,1249,1,3,113
08116,祕,1250,1,2,113
08130,祥,1251,1,6,113
08148,福,1252,1,8,113
08124,神,1253a,2,9,113
08124b,神,1253b,2,5,113
08165,禮,1254,1,7,113
08192,科,1255,1,14,115
08248,稱,1256,1,6,115
08238,稟,1257,1,3,115
08224,稍,1258,1,3,115
08244,種,1259,1,2,115
08338,䆮,1260,1,2,116
08337,窺,1261,1,3,116
08293,究,1262,1,2,116
08296,空,1263,1,8,116
08366,章,1264,1,9,117
08380,競,1265,1,3,117
08361,竝,1266,1,2,117
08376,端,1267,1,8,117
08354,立,1268,1,12,117
08486,箴,1269,1,2,118
08408,符,1270,1,4,118
08432,筏,1271,1,2,118
08569,簡,1272,1,5,118
08438,策,1273,1,2,118
08383,竺,1274,1,4,118
08437,答,1275,1,5,118
08493,節,1276,1,5,118
08423,筆,1277,1,6,118
08426,等,1278,1,14,118
08412,第,1279,1,13,118
08685,精,1280,1,9,119
09061,續,1281,1,4,120
09064,纏,1282,1,2,120
09052,纂,1283,1,2,120
08840,絹,1284,1,2,120
08856,經,1285,1,35,120
08993,總,1286,1,3,120
08807,結,1287,1,3,120
08919,緝,1288,1,2,120
08924,緣,1289,1,17,120
08997,繁,1290,1,3,120
08883,綰,1291,1,2,120
08833,統,1292,1,5,120
08987,縷,1293,1,2,120
08905,緇,1294,1,2,120
08778,累,1295,1,2,120
08809,絶,1296,1,2,120
08884,綱,1297,1,4,120
08888,綴,1298,1,2,120
08927,編,1299,1,7,120
08972,縣,1300,1,2,120
08767,索,1301,1,4,120
08795,終,1302,1,6,120
08885,網,1303,1,2,120
09128,置,1304,1,2,122
09085,缺,1305,1,2,121
09144,羅,1306,1,5,122
09106,罕,1307,1,3,122
09155,美,1308,1,5,123
09175,羣,1309,1,4,123
09177,義,1310,1,28,123
09249,耀,1311,1,5,124
09208,翌,1312,1,4,124
09243,翻,1313,1,5,124
09251,考,1314,1,2,125
09255,者,1315,1,42,125
09264,而,1316,1,41,126
09303,聆,1317,1,2,128
09292,耶,1318,1,4,128
09307,聒,1319,1,2,128
09328,聲,1320,1,4,128
09314,聚,1321,1,4,128
09335,聽,1322,1,3,128
09308,聖,1323,1,7,128
09290,耳,1324,1,7,128
09304,聊,1325,1,4,128
09315,聞,1326,1,12,128
09379,育,1327,1,2,130
09463,脱,1328,1,4,130
09462,脩,1329,1,8,130
09413,胤,1330,1,2,130
09429,能,1331,1,9,130
09540,膜,1332,1,2,130
09362,肝,1333,1,2,130
09602,自,1334,1,16,132
09610,至,1335,1,21,133
09629,與,1336,1,10,134
09632,擧,1337,1,5,134
09633,舊,1338,1,5,134
09638,舍,1339,1,3,135
09714,良,1340,1,2,138
09716,色,1341,1,2,139
09961,落,1342,1,2,140
09772,苑,1343,1,3,140
10163,薩,1344,1,6,140
09759,芳,1345,1,4,140
09886,莫,1346,1,8,140
09788,若,1347,1,11,140
10160,薦,1348,1,5,140
10040,蓋,1349,1,8,140
09758,花,1350,1,31,140
09919,菩,1351,1,6,140
09972,著,1352,1,11,140
10008,蒙,1353,1,4,140
10076,蔚,1354,1,2,140
10191,藏,1355,1,60,140
10050,蓮,1357,1,3,140
09921,華,1358,1,12,140
09795,英,1359,1,4,140
09860,荷,1360,1,2,140
09966,葉,1361,1,4,140
09789,苦,1362,1,3,140
09985,葬,1363a,2,2,140
09985b,葬,1363b,2,1,140
10269,䖍,1364,1,2,141
10272,虛,1365,1,5,141
10270,處,1366,1,7,141
10282,虧,1367,1,2,141
10500,融,1368,1,7,142
10615,衍,1369,1,2,144
10630,衞,1370,1,2,144
10614,行,1371,1,24,144
10643,表,1372,1,9,145
10774,襃,1373,1,2,145
10637,衣,1374,1,8,145
10714,補,1375,1,7,145
10732,製,1376,1,4,145
10822,要,1377,1,5,146
10820,西,1378,1,13,146
10859,觀,1379,1,27,147
10856,覺,1380,1,7,147
10831,見,1382,1,8,147
10852,覲,1383,1,2,147
10848,親,1384,1,8,147
10857,覽,1385,1,2,147
10833,規,1386,1,2,147
10837,視,1387,1,4,147
10875,解,1388,1,7,148
10983,詮,1389,1,2,149
11195,議,1390,1,2,149
11222,讓,1391a,2,1,149
11222b,讓,1391b,2,1,149
11119,講,1392,1,19,149
11200,護,1393,1,6,149
11174,譜,1394,1,2,149
10975,試,1395,1,2,149
11038,調,1396,1,2,149
10954,詎,1397,1,2,149
11024,誨,1398,1,2,149
11046,談,1399,1,3,149
10914,記,1400,1,13,149
10987,該,1401,1,2,149
11085,諸,1402,1,11,149
11008,誓,1403,1,2,149
11207,讀,1404,1,4,149
11191,譯,1405,1,13,149
11023,誦,1406,1,6,149
10959,詔,1407,1,10,149
10936,訶,1408,1,3,149
11025,虔,1409,1,14,149
11058,論,1410,1,6,149
10896,計,1411,1,2,149
10890,言,1412,1,26,149
10902,討,1413,1,3,149
10909,訓,1414,1,7,149
11022,誥,1415,1,2,149
11012,誘,1416,1,2,149
10928,設,1417,1,2,149
11072,諦,1418,1,3,149
11095,謂,1419,1,22,149
11018,誠,1420,1,5,149
11017,語,1421,1,10,149
11229,讚,1422,1,2,149
11162,譏,1423,1,2,149
11171,識,1424,1,4,149
11010,誕,1425,1,4,149
11155,證,1426,1,4,149
11049,請,1427,1,11,149
10960,評,1428,1,2,149
11253,豈,1429,1,16,151
11261,豐,1430,1,3,151
11275,象,1431,1,4,152
11417,賻,1432,1,3,154
11404,質,1433,1,2,154
11373,資,1434,1,7,154
11393,賜,1435,1,4,154
11334,財,1436,1,2,154
11397,賢,1437,1,12,154
11429,贈,1438,1,3,154
11433,贍,1439,1,2,154
11394,賞,1440,1,3,154
11329,貞,1441,1,2,154
11485,趣,1442,1,3,156
11467,超,1443,1,2,156
11471,越,1444,1,8,156
11454,走,1445,1,2,156
11461,起,1446,1,8,156
11495,足,1447,1,3,157
11548,路,1448,1,4,157
11593,踰,1449,1,2,157
11976,迹,1450a,2,7,162
11976b,迹,1450b,2,1,162
11715,身,1451,1,12,158
11716,躬,1452,1,3,158
11826,輩,1453,1,3,159
11795,載,1454,1,8,159
11827,輪,1455,1,3,159
11745,軍,1456,1,2,159
11778,軸,1457,1,4,159
11856,轉,1458,1,4,159
11914,辭,1459,1,5,160
11916,辯,1460,1,7,160
11917,辰,1461,1,3,161
11918,辱,1462,1,2,161
12112,邇,1463,1,2,162
12048,遐,1464,1,4,162
11974,迷,1465,1,4,162
11948,近,1466,1,10,162
11979,追,1467,1,3,162
11983,送,1468,1,3,162
12042,遊,1469,1,4,162
12074,遣,1470,1,2,162
12010,連,1471,1,2,162
12079,適,1472,1,2,162
11977,迺,1473,1,2,162
12043,運,1474,1,6,162
11947,迎,1475,1,5,162
11968,述,1476,1,8,162
12051,道,1477,1,21,162
12037,遂,1478,1,10,162
12052,達,1479,1,3,162
12022,進,1480,1,7,162
12000,通,1481,1,7,162
12070,遠,1482,1,11,162
12097,遺,1483,1,6,162
11986,逆,1484,1,2,162
12046,過,1485,1,2,162
12108,還,1486,1,4,162
12040,遇,1487,1,3,162
12188,都,1488,1,7,163
12139,邪,1489,1,3,163
12176,部,1490,1,3,163
12168,郞,1491,1,3,163
12123,邑,1492,1,3,163
12263,配,1493,1,2,164
12371,釋,1494,1,12,165
12373,重,1495,1,4,166
12411,鈔,1496,1,2,167
12499,錄,1497,1,5,167
12513,錚,1498,1,2,167
12613,鏡,1499,1,4,167
12534,錬,1500,1,2,167
12587,鎭,1501,1,2,167
12441,鉤,1502,1,4,167
12526,錫,1503,1,2,167
12472,鋭,1504,1,2,167
12380,金,1505,1,10,167
12698,長,1506,1,9,168
12757,閻,1507,1,3,169
12724,間,1508,1,4,169
12716,開,1509,1,8,169
12783,闕,1510,1,3,169
12709,門,1511,1,13,169
12751,閲,1512,1,4,169
12795,闡,1513,1,2,169
12886,隆,1514,1,4,170
12927,隨,1515,1,8,170
12935,隱,1516,1,5,170
12914,障,1517,1,2,170
12913,際,1518,1,2,170
12876,陽,1519,1,2,170
12838,降,1520,1,11,170
12867,陵,1521,1,3,170
12864,陳,1522,1,4,170
12855,除,1523,1,4,170
12826,阻,1524,1,3,170
12831,陀,1525,1,6,170
12830,阿,1526,1,3,170
12962,雅,1527,1,3,172
13002,難,1528,1,10,172
13001,離,1529,1,2,172
12997,雜,1530,1,2,172
12963,集,1531,1,4,172
12972,雍,1532,1,3,172
12994,雙,1533a,2,2,172
12994b,雙,1533b,2,1,172
13092,靈,1534,1,7,173
13073,露,1535,1,3,173
13036,震,1536,1,4,173
13020,雲,1537,1,8,173
13012,雨,1538,1,5,173
13015,雪,1539,1,5,173
13103,靜,1540,1,2,174
13104,非,1541,1,18,175
13107,靡,1542,1,3,175
13108,面,1543,1,6,176
13281,音,1544,1,7,180
13376,題,1545,1,2,181
13389,顗,1546,1,2,181
13304,須,1547,1,4,181
13398,類,1548,1,2,181
13327,領,1549,1,4,181
13325,頗,1550,1,3,181
13316,頓,1551,1,5,181
13313,預,1552,1,3,181
13296,頂,1553,1,2,181
13416,顯,1554,1,8,181
13391,願,1555,1,9,181
13346,頭,1556,1,2,181
13409,顧,1557,1,6,181
13423,風,1558,1,4,182
13495,飛,1559,1,2,183
13565,餘,1560,1,8,184
13551,養,1561,1,4,184
13507,飡,1562,1,2,184
13503,食,1563,1,3,184
13661,首,1564,1,5,185
13667,香,1565,1,5,186
13849,驗,1566,1,6,187
13820,騰,1567,1,4,187
13934,體,1568,1,7,188
13940,高,1569,1,4,189
14088,魔,1570,1,3,194
14693,黃,1571,1,2,201
14722,黜,1572,1,2,203
14775,鼓,1573,1,2,207
14828,齊,1574,1,2,210
14876,龍,1575,1,16,212
00455,備,1576a,2,3,009
00455b,備,1576b,2,2,009
00759,初,1577a,2,7,018
00759b,初,1577b,2,1,018
01197,含,1578a,2,1,030
01197b,含,1578b,2,1,030
01796,報,1579a,2,2,032
01796b,報,1579b,2,1,032
01928,夐,1580a,2,1,035
01928b,夐,1580b,2,1,035
02430,尋,1581a,2,4,041
02430b,尋,1581b,2,1,041
02515,屬,1582a,2,5,044
02515b,屬,1582b,2,2,044
02767,巡,1583a,2,1,047
02767b,巡,1583b,2,1,047
02952,庭,1584a,2,1,053
02952b,庭,1584b,2,1,053
03171,徵,1585a,2,1,060
03171b,徵,1585b,2,1,060
04402,旅,1586a,2,2,070
04402b,旅,1586b,2,1,070
04693,望,1587a,2,3,074
04693b,望,1587b,2,2,074
05254,概,1588a,2,2,075
05254b,概,1588b,2,1,075
06499,漢,1589a,2,1,085
06499b,漢,1589b,2,1,085
07781,監,1590a,2,2,108
07781b,監,1590b,2,1,108
09611,致,1591a,2,6,133
09611b,致,1591b,2,4,133
09630,興,1592a,2,3,134
09630b,興,1592b,2,2,134
09954,萬,1593a,2,7,140
09954b,萬,1593b,2,2,140
12102,遽,1594a,2,3,162
12102b,遽,1594b,2,2,162
12991,雖,1595a,2,9,172
12991b,雖,1595b,2,3,172
