統合ID,文字,兼方紀2,字体数,用例数,部首
00069,丹,0001,0,1,003
00104,乙,0002,0,1,005
00173,仆,0003,0,1,009
00182,仕,0004,0,1,009
00206,任,0005,0,1,009
00244,低,0006,0,1,009
00230,伴,0007,0,1,009
00233,伺,0008,0,1,009
00382,借,0009,0,1,009
00236,伽,0010,0,1,009
00345,信,0011,0,1,009
00238,佃,0012,0,1,009
00267,佳,0013,0,1,009
00360,俾,0014,0,1,009
00391,倫,0015,0,1,009
00325,俄,0016,0,1,009
00350,倶,0017,0,1,009
00471,債,0018,0,1,009
00264,佪,0019,0,1,009
00417,停,0020,0,1,009
00450,傑,0021,0,1,009
00616,冀,0022,0,1,012
00636,冒,0023,0,1,013
00696,凝,0024,0,1,015
00736,刈,0025,0,1,018
00791,削,0026,0,1,018
00863,助,0027,0,1,019
00932,匐,0028,0,1,020
00930,匍,0029,0,1,020
01058,厄,0030,0,1,027
01068,厚,0031,0,1,027
01288,咸,0032,0,1,030
01235,周,0033,0,1,030
01189,吠,0034,0,1,030
01451,嗟,0035,0,1,030
01236,呪,0036,0,1,030
01387,啼,0037,0,1,030
01584,嚼,0038,0,1,030
01532,噱,0039,0,1,030
01819,塘,0040,0,1,032
01779,堞,0041,0,1,032
01740,城,0042,0,1,032
01851,墜,0043,0,1,032
01863,墮,0044,0,1,032
01839,境,0045,0,1,032
01727,垣,0046,0,1,032
01899,壤,0047,0,1,032
01913,壽,0048,0,1,033
01903,士,0049,0,1,033
01934,外,0050,0,1,036
01994,奘,0051,0,1,037
01981,奏,0052,0,1,037
01986,奔,0053,0,1,037
01968,奄,0054,0,1,037
02155,婦,0055,0,1,038
02177,媚,0056,0,1,038
02093,姨,0057,0,1,038
02077,姓,0058,0,1,038
02110,娑,0059,0,1,038
02142,婆,0060,0,1,038
02045,妙,0061,0,1,038
02098,妍,0062,0,1,038
02029,好,0063,0,1,038
02090,姥,0064,0,1,038
02035,妊,0065,0,1,038
02248,嬰,0066,0,1,038
02268,存,0067,0,1,039
02392,寧,0068,0,1,040
02307,宇,0069,0,1,040
02322,宗,0070,0,1,040
02383,察,0071,0,1,040
02358,寄,0072,0,1,040
02395,審,0073,0,1,040
02436,導,0074,0,1,041
02446,尚,0075,0,1,042
02469,尸,0076,0,1,044
02471,尺,0077,0,1,044
02472,尻,0078,0,1,044
02499,屏,0079,0,1,044
02485,屈,0081,0,1,044
02594,島,0082,0,1,046
02598,峻,0083,0,1,046
02767,巡,0084,0,1,047
02806,希,0085,0,1,050
02801,帆,0086,0,1,050
02902,并,0087,0,1,051
02912,幽,0088,0,1,052
03060,弭,0089,0,1,057
03064,弱,0090,0,1,057
03101,形,0091,0,1,059
03474,慶,0092,0,1,061
03188,忒,0093,0,1,061
03299,恰,0094,0,1,061
03345,悽,0095,0,1,061
03469,慰,0096,0,1,061
03267,恆,0097,0,1,061
03196,忘,0098,0,1,061
03203,忠,0099,0,1,061
03235,怙,0100,0,1,061
03455,慟,0101,0,1,061
03475,慷,0102,0,1,061
03511,憚,0103,0,1,061
03463,慨,0104,0,1,061
03402,愍,0105,0,1,061
03633,戰,0106,0,1,062
03632,戮,0107,0,1,062
03628,截,0108,0,1,062
03761,拜,0109,0,1,064
03765,拭,0110,0,1,064
03907,換,0111,0,1,064
03666,打,0112,0,1,064
03715,披,0113,0,1,064
03837,捫,0114,0,1,064
03818,捉,0115,0,1,064
03880,推,0116,0,1,064
03835,捨,0117,0,1,064
04228,改,0118,0,1,066
04286,敬,0119,0,1,066
04369,斬,0120,0,1,069
04391,施,0121,0,1,070
04499,星,0122,0,1,072
04679,服,0123,0,1,074
04908,株,0124,0,1,075
04825,枻,0125,0,1,075
04865,柩,0126,0,1,075
04884,柴,0127,0,1,075
04848,染,0128,0,1,075
04984,條,0129,0,1,075
04871,柱,0130,0,1,075
04765,東,0131,0,1,075
04743,杖,0132,0,1,075
05154,楯,0133,0,1,075
05361,橘,0134,0,1,075
05561,欣,0135,0,1,076
05707,殆,0136,0,1,078
05737,殘,0137,0,1,078
05717,殊,0138,0,1,078
06134,洪,0139,0,1,085
06704,瀛,0140,0,1,085
06480,漂,0141,0,1,085
06318,渡,0142,0,1,085
06045,河,0143,0,1,085
06317,渠,0144,0,1,085
06316,渟,0145,0,1,085
06050,沸,0146,0,1,085
06088,泥,0147,0,1,085
06125,洞,0148,0,1,085
06835,烏,0149,0,1,086
06997,燼,0150,0,1,086
07065,牙,0151,0,1,092
07086,特,0152,0,1,093
07106,犢,0153,0,1,093
07244,獵,0154,0,1,094
07256,玄,0155,0,1,095
07294,珥,0156,0,1,096
00263,佩,0157,0,1,009
07444,甍,0158,0,1,098
07426,瓶,0159,0,1,098
07459,甜,0160,0,1,099
07530,異,0161,0,1,102
07507,畔,0162,0,1,102
07481,申,0163,0,1,102
07739,皮,0164,0,1,107
07843,眼,0165,0,1,109
07806,盾,0166,0,1,109
07944,矩,0167,0,1,111
08016,碎,0168,0,1,112
07986,破,0169,0,1,112
08119,祚,0170,0,1,113
08123,祝,0171,0,1,113
08103,祀,0172,0,1,113
08108,祈,0173,0,1,113
08165,禮,0174,0,1,113
08279,穢,0175,0,1,115
08323,窟,0176,0,1,116
11258,豎,0177,0,1,151
08365,竟,0178,0,1,117
08479,箭,0179,0,1,118
08664,粟,0180,0,1,119
08779,細,0181,0,1,120
08735,紀,0182,0,1,120
08744,紉,0183,0,1,120
09142,羂,0184,0,1,122
09175,羣,0185,0,1,123
09449,脛,0186,0,1,130
09370,肩,0187,0,1,130
09463,脱,0188,0,1,130
09364,股,0189,0,1,130
09483,腋,0190,0,1,130
09568,臂,0191,0,1,130
09377,肯,0192,0,1,130
09599,臥,0193,0,1,131
09626,舂,0194,0,1,134
09627,舃,0195,0,1,134
09621,臾,0196,0,1,134
10153,薙,0197,0,1,140
09835,茸,0198,0,1,140
10139,薄,0199,0,1,140
09778,苗,0200,0,1,140
09911,菟,0201,0,1,140
10189,藍,0202,0,1,140
08522,篤,0203,0,1,118
10510,螢,0204,0,1,142
10349,蛇,0205,0,1,142
10605,血,0206,0,1,143
10618,術,0207,0,1,144
10773,襁,0208,0,1,145
10724,裳,0209,0,1,145
10798,襤,0210,0,1,145
10766,褸,0211,0,1,145
10859,觀,0212,0,1,147
11171,識,0213,0,1,149
11092,謀,0214,0,1,149
10974,詣,0215,0,1,149
11109,謎,0216,0,1,149
10987,該,0217,0,1,149
11332,負,0218,1,2,154
11453,赭,0219,0,1,155
11450,赩,0220,0,1,155
11447,赦,0221,0,1,155
11457,赴,0222,0,1,156
11467,超,0223,0,1,156
11580,踞,0224,0,1,157
11553,跳,0225,0,1,157
11593,踰,0226,0,1,157
11716,躬,0227,0,1,158
11856,轉,0228,0,1,159
11893,辛,0229,0,1,160
11896,辜,0230,0,1,160
11982,退,0231,0,1,162
12019,逮,0232,0,1,162
12077,遨,0233,0,1,162
11986,逆,0234,0,1,162
12025,逶,0235,0,1,162
11984,逃,0236,0,1,162
12082,遭,0237,0,1,162
12046,過,0238,0,1,162
12040,遇,0239,0,1,162
03008,廻,0240,0,1,054
11979,追,0241,0,1,162
12054,違,0242,0,1,162
12095,選,0243,0,1,162
11976,迹,0244,0,1,162
12342,醬,0245,0,1,164
12360,釀,0246,0,1,164
12262,酌,0247,0,1,164
12327,醜,0248,0,1,164
12266,酒,0249,0,1,164
12302,酸,0250,0,1,164
12372,里,0251,0,1,166
12485,鋒,0252,0,1,167
12543,鍛,0253,0,1,167
12380,金,0254,0,1,167
12601,鏑,0255,0,1,167
12563,鍾,0256,0,1,167
12722,閑,0257,0,1,169
12800,闥,0258,0,1,169
12883,隅,0259,0,1,170
12847,陛,0260,0,1,170
12886,隆,0261,0,1,170
12859,陪,0262,0,1,170
12955,雀,0263,0,1,172
12951,隼,0264,0,1,172
12971,雌,0265,0,1,172
13002,難,0266,0,1,172
13108,面,0267,0,1,176
13151,鞆,0268,0,1,177
13124,靭,0269,0,1,177
13281,音,0270,0,1,180
13398,類,0271,0,1,181
13327,領,0272,0,1,181
13313,預,0273,0,1,181
13355,頸,0274,0,1,181
13297,頃,0275,0,1,181
13503,食,0276,0,1,184
13526,飮,0277,0,1,184
13521,飫,0278,0,1,184
13630,饉,0279,0,1,184
13552,餌,0280,0,1,184
13559,餓,0281,0,1,184
13508,飢,0282,0,1,184
13849,驗,0283,0,1,187
13820,騰,0284,0,1,187
14088,魔,0285,0,1,194
14207,鯔,0286,0,1,195
14452,鴿,0287,0,1,196
14576,鷲,0288,0,1,196
14681,麻,0289,0,1,200
14730,黨,0290,0,1,203
00001,一,0291,1,65,001
00025,世,0293,1,8,001
00006,丈,0294,1,2,001
00026,丘,0295,1,5,001
00020,且,0296,1,12,001
00013,不,0297,1,73,001
00004,七,0299,1,3,001
00008,上,0300,1,28,001
00009,下,0301,1,16,001
00007,三,0302,1,19,001
00051,中,0303,1,36,002
00070,主,0304,1,21,003
00092,乎,0305,1,19,004
00088,之,0306,1,353,004
00078,乃,0314,1,62,004
00085,久,0316,1,12,004
00102,乘,0317,1,4,004
00109,也,0318,1,67,005
00108,乞,0320,1,3,005
00113,乳,0321,1,4,005
00128,事,0322,1,23,006
03043,弔,0323,1,5,057
00129,二,0324,1,24,007
00133,云,0325,1,53,007
00135,五,0327,1,14,007
00136,井,0328,1,12,007
00132,于,0329,1,20,007
00150,亡,0330,1,3,008
00175,今,0331,1,28,009
00256,作,0332,1,25,009
00213,伊,0333,1,5,009
00194,以,0334,1,136,009
00193,令,0337,1,8,009
00192,代,0338,1,10,009
00250,何,0339,1,27,009
00299,供,0340,1,4,009
00209,企,0341,1,5,009
00177,仍,0342,1,4,009
00321,便,0343,1,8,009
00368,倍,0344,1,2,009
00288,侍,0345,1,6,009
00301,依,0346,1,11,009
00240,但,0347,1,3,009
00183,他,0348,1,2,009
00351,俳,0349,1,4,009
00217,伏,0350,1,7,009
00483,僉,0351,1,4,009
00378,倚,0352,1,2,009
00245,住,0353,1,8,009
00369,候,0354,1,2,009
00168,人,0355,1,36,009
00260,伱,0356,1,3,009
00349,俯,0357,1,2,009
00475,傾,0358,1,3,009
00373,倒,0359,1,3,009
03158,徨,0360,1,2,060
03121,彷,0361,1,2,060
00279,使,0362,1,21,009
00199,仰,0363,1,4,009
00542,優,0364,1,3,009
00449,傍,0365,1,2,009
00235,似,0366,1,2,009
00253,余,0367,1,7,009
00561,兄,0368,1,55,010
00566,先,0370,1,19,010
00585,内,0371,1,12,011
00582,入,0372,1,25,011
00605,其,0373,1,100,012
00594,八,0375,1,38,012
00606,具,0376,1,5,012
00599,共,0377,1,6,012
00613,兼,0378,1,4,012
00723,出,0379,1,71,017
00729,刀,0381,1,4,018
00789,則,0382,1,72,018
00769,到,0384,1,21,018
00763,別,0385,1,8,018
00794,前,0386,1,13,018
00767,利,0387,1,12,018
00843,劍,0388,1,5,018
00818,副,0389,1,3,018
00776,制,0390,1,2,018
00759,初,0391,1,5,018
00884,勑,0393,1,19,019
00858,加,0394,1,4,019
00919,勿,0395,1,10,020
00918,勾,0396,1,2,020
00938,化,0397,1,4,021
00985,十,0398,1,18,024
00987,千,0399,1,18,024
01019,卜,0400,1,2,025
01022,占,0401,1,2,025
01049,卽,0402,1,35,026
01035,危,0403,1,2,026
01101,去,0404,1,19,028
01111,及,0405,1,28,029
01116,反,0406,1,2,029
01108,又,0407,1,18,029
01179,向,0408,1,11,030
01141,口,0409,1,17,030
01170,合,0410,1,9,030
01412,喜,0411,1,3,030
01175,名,0412,1,26,030
01252,命,0413,1,76,030
01395,善,0415,1,4,030
01479,嘗,0416,1,3,030
01295,哀,0417,1,3,030
01174,同,0418,1,3,030
01369,問,0419,1,39,030
01188,吟,0420,1,4,030
01185,君,0421,1,11,030
01251,呼,0422,1,3,030
01168,各,0423,1,2,030
01242,味,0424,1,9,030
01323,哭,0425,1,4,030
01349,唯,0426,1,4,030
01154,可,0427,1,28,030
01305,哉,0428,1,6,030
01219,告,0430,1,6,030
01263,和,0431,1,5,030
01217,吾,0432,1,89,030
01359,唾,0434,1,2,030
01487,嘲,0435,1,4,030
01187,呑,0436,1,2,030
01420,喧,0437,1,2,030
01279,咫,0438,1,3,030
01484,嘯,0439,1,3,030
01430,喪,0440,1,10,030
01627,固,0441,1,2,031
01639,國,0442,1,63,031
01607,四,0444,1,2,031
01623,困,0445,1,4,031
01666,地,0446,1,15,032
01659,在,0447,1,29,032
01796,報,0448,1,14,032
01710,垂,0449,1,2,032
01726,垢,0450,1,2,032
01767,堅,0451,1,3,032
01818,塗,0452,1,2,032
01939,夜,0453,1,15,036
01938,多,0454,1,12,036
01947,天,0455,1,211,037
01946,大,0460,1,50,037
01948,太,0461,1,9,037
01949,夫,0462,1,4,037
01957,失,0463,1,7,037
01974,奉,0464,1,29,037
01972,奇,0465,1,2,037
01973,奈,0466,1,5,037
02022,女,0467,1,53,038
02061,妻,0469,1,10,038
02062,妾,0470,1,20,038
02134,娶,0471,1,10,038
02032,妃,0472,1,6,038
02108,姫,0473,1,69,038
02031,如,0475,1,24,038
02122,娠,0476,1,8,038
02078,委,0477,1,2,038
02068,姉,0478,1,2,038
02059,妹,0479,1,5,038
02024,奴,0480,1,3,038
02151,婢,0481,1,2,038
02105,威,0482,1,5,038
02178,媛,0483,1,2,038
02069,始,0484,1,4,038
02262,子,0485,1,54,039
02282,孫,0487,1,84,039
02265,孕,0489,1,2,039
02342,宮,0490,1,17,040
02332,室,0491,1,8,040
02327,宜,0492,1,16,040
02407,寶,0493,1,5,040
02390,實,0494,1,6,040
02331,客,0495,1,6,040
02352,容,0496,1,6,040
02422,射,0497,1,7,041
02429,尊,0498,1,115,041
02430,尋,0501,1,12,041
02425,將,0502,1,25,041
02439,小,0503,1,9,042
02440,少,0504,1,4,042
02464,就,0505,1,8,043
02488,屋,0506,1,21,044
02482,居,0507,1,13,044
02478,尾,0508,1,2,044
02504,屢,0509,1,5,044
02528,山,0510,1,28,046
02640,崩,0511,1,3,046
02589,峯,0512,1,6,046
02607,崇,0513,1,3,046
02540,岐,0514,1,3,046
02762,川,0515,1,5,047
02774,左,0516,1,2,048
02783,已,0517,1,26,049
02782,己,0518,1,13,049
02881,幡,0519,1,13,050
02847,常,0520,1,3,050
02899,平,0521,1,20,051
02903,幸,0522,1,25,051
02932,底,0523,1,2,053
02993,廣,0524,1,3,053
02946,座,0525,1,3,053
03042,弓,0526,1,10,057
03044,引,0527,1,2,057
03065,張,0528,1,2,057
03084,彌,0529,1,4,057
03052,弟,0530,1,42,057
03106,彦,0531,1,112,059
03116,影,0534,1,2,059
03128,往,0535,1,14,060
03142,徑,0536,1,4,060
03132,待,0537,1,6,060
03145,得,0538,1,18,060
03159,復,0539,1,32,060
03172,德,0540,1,2,060
03124,彼,0541,1,13,060
03138,後,0542,1,21,060
03410,慍,0543,1,2,061
03466,慮,0544,1,2,061
03544,懃,0545,1,2,061
03550,應,0546,1,2,061
03179,心,0547,1,10,061
03180,必,0548,1,14,061
03335,悲,0549,1,2,061
03184,忍,0550,1,12,061
03219,忽,0551,1,6,061
03298,息,0552,1,6,061
03453,慙,0553,1,4,061
03243,急,0554,1,5,061
03329,患,0555,1,3,061
03387,愁,0556,1,4,061
03395,意,0557,1,6,061
03183,忌,0558,1,2,061
03348,情,0559,1,4,061
03291,恨,0560,1,9,061
03194,志,0561,1,4,061
03239,思,0562,1,6,061
03220,忿,0563,1,5,061
03320,悔,0564,1,2,061
03534,憶,0565,1,3,061
03486,憂,0566,1,8,061
03405,愛,0567,1,3,061
03229,怒,0568,1,4,061
03365,惟,0569,1,2,061
03362,惚,0570,1,2,061
03611,我,0571,1,31,062
03610,成,0572,1,3,062
03640,戸,0573,1,6,063
03780,持,0574,1,13,064
03659,手,0575,1,15,064
04069,播,0576,1,13,064
03862,排,0577,1,6,064
03911,握,0578,1,2,064
04062,撥,0579,1,3,064
03708,投,0580,1,6,064
03855,授,0581,1,9,064
03858,掌,0582,1,3,064
03939,損,0583,1,2,064
03711,折,0584,1,10,064
03720,抱,0585,1,2,064
03704,抑,0586,1,3,064
03872,採,0587,1,5,064
03751,拕,0588,1,5,064
04106,據,0589,1,5,064
04261,教,0590,1,12,066
04263,救,0591,1,4,066
04277,敢,0592,1,3,066
04233,放,0593,1,5,066
04243,故,0594,1,83,066
04368,斫,0596,1,2,069
04376,新,0597,1,4,069
04385,方,0598,1,7,070
04442,旣,0599,1,13,071
04523,時,0600,1,117,072
04512,是,0603,1,97,072
04446,日,0605,1,43,072
04485,明,0606,1,13,072
04480,昇,0607,1,5,072
04500,映,0608,1,3,072
04490,昔,0609,1,3,072
04489,易,0610,1,4,072
04569,智,0611,1,5,072
04650,曰,0612,1,178,073
04654,更,0616,1,4,073
04667,會,0617,1,4,073
04661,曾,0618,1,2,073
04651,曲,0619,1,4,073
04657,書,0620,1,17,073
04674,有,0621,1,84,074
04693,望,0623,1,2,074
04673,月,0624,1,3,074
04676,朋,0625,1,2,074
04699,期,0626,1,3,074
04747,杜,0627,1,8,075
05236,槌,0628,1,5,075
05279,樂,0629,1,3,075
04758,杪,0630,1,3,075
04806,果,0631,1,5,075
04712,末,0632,1,3,075
04711,未,0633,1,6,075
04803,林,0634,1,2,075
04723,机,0635,1,2,075
04707,木,0636,1,11,075
05323,樹,0637,1,17,075
04807,枝,0638,1,2,075
05080,植,0639,1,2,075
04922,根,0640,1,16,075
05348,橋,0641,1,7,075
04769,杵,0642,1,19,075
05014,棄,0643,1,5,075
05293,樓,0644,1,2,075
05471,櫛,0645,1,3,075
05266,槵,0646,1,6,075
05633,歟,0647,1,10,076
05580,欲,0648,1,20,076
05558,次,0649,1,30,076
05609,歌,0650,1,13,076
05649,武,0651,1,10,077
05686,死,0652,1,5,078
05777,殯,0653,1,2,078
05809,殿,0654,1,4,079
05834,母,0655,1,10,080
05836,每,0656,1,2,080
05841,比,0657,1,6,081
05845,毗,0658,1,2,081
05850,毛,0659,1,5,082
05935,民,0660,1,2,083
05947,氣,0661,1,2,084
05952,水,0662,1,6,085
06381,湯,0663,1,6,085
05962,汀,0664,1,7,085
05983,汝,0665,1,48,085
06182,海,0666,1,74,085
06128,津,0668,1,45,085
06645,濤,0669,1,3,085
06422,溺,0670,1,8,085
05996,汲,0671,1,5,085
06285,深,0672,1,3,085
06145,活,0673,1,3,085
06713,瀨,0674,1,7,085
06312,渚,0675,1,3,085
06087,泣,0676,1,2,085
06611,濃,0677,1,2,085
06023,沒,0678,1,5,085
06507,漬,0679,1,3,085
06086,波,0680,1,12,085
06175,浮,0681,1,8,085
06294,添,0682,1,2,085
06055,治,0683,1,9,085
06658,濱,0684,1,8,085
06074,法,0685,1,2,085
06408,溢,0686,1,5,085
06173,浪,0687,1,2,085
06193,涉,0688,1,2,085
06150,洿,0689,1,2,085
06227,涸,0690,1,10,085
06723,瀲,0691,1,7,085
06015,沈,0692,1,3,085
05957,永,0693,1,4,085
06138,洲,0694,1,2,085
05964,求,0695,1,3,085
06554,潮,0696,1,22,085
06476,滿,0697,1,7,085
06776,火,0698,1,157,086
06956,熯,0702,1,2,086
06918,照,0703,1,15,086
06939,熊,0704,1,4,086
06872,無,0705,1,22,086
06947,熛,0706,1,2,086
06801,炎,0707,1,3,086
06867,焚,0708,1,2,086
06861,焉,0709,1,24,086
06885,然,0710,1,21,086
07032,爲,0711,1,58,087
07035,父,0713,1,13,088
07080,物,0714,1,5,093
07203,猶,0715,1,10,094
07230,獨,0716,1,3,094
07189,猨,0717,1,6,094
07262,王,0718,1,7,096
07261,玉,0719,1,53,096
07394,瓊,0721,1,52,096
07307,理,0723,1,3,096
07275,玲,0724,1,2,096
07346,瑞,0725,1,2,096
07452,甕,0726,1,6,098
07461,生,0727,1,45,100
07464,産,0728,1,40,100
07469,用,0729,1,7,101
07478,田,0730,1,34,102
07535,當,0731,1,51,102
07503,畏,0733,1,2,102
07483,男,0734,1,4,102
07479,由,0735,1,3,102
07591,疾,0736,1,5,104
07685,癡,0737,1,2,104
07706,登,0738,1,6,105
07709,白,0739,1,9,106
07710,百,0740,1,8,106
07717,皆,0741,1,3,106
07718,皇,0742,1,69,106
07779,盡,0744,1,2,108
07781,監,0745,1,3,108
07785,盧,0746,1,2,108
07770,盛,0747,1,5,108
07827,眞,0748,1,7,109
07844,眾,0749,1,3,109
07790,目,0750,1,15,109
07801,相,0751,1,14,109
07929,矛,0752,1,3,110
07941,知,0753,1,16,111
07937,矢,0754,1,24,111
07938,矣,0755,1,32,111
07948,短,0756,1,2,111
07954,石,0757,1,6,112
08057,磨,0758,1,7,112
08023,碕,0759,1,5,112
08124,神,0760,1,203,113
08107,祇,0765,1,8,113
08117,祖,0766,1,12,113
08159,禦,0767,1,3,113
08166,禰,0768,1,4,113
08273,穗,0769,1,23,115
08179,秀,0770,1,2,115
08187,秋,0771,1,2,115
08233,稚,0772,1,29,115
08212,移,0773,1,2,115
08244,種,0774,1,2,115
08256,稻,0775,1,8,115
08296,空,0776,1,4,116
08329,窮,0777,1,3,116
08354,立,0778,1,12,117
08376,端,0779,1,2,117
08382,竹,0780,1,8,118
08404,笠,0781,1,4,118
08619,籠,0782,1,6,118
08468,箕,0783,1,2,118
08631,籬,0784,1,3,118
08434,筑,0785,1,3,118
08461,箇,0786,1,10,118
08437,答,0787,1,2,118
08435,筒,0788,1,3,118
08773,紫,0789,1,3,120
08809,絶,0790,1,4,120
08924,緣,0791,1,12,120
08807,結,0792a,2,1,120
08807b,結,0792b,2,1,120
08856,經,0793,1,12,120
08765,素,0794,1,5,120
08899,綿,0795,1,2,120
08795,終,0796,1,3,120
09012,織,0797,1,2,120
09125,罪,0798,1,2,122
09144,羅,0799,1,2,122
09155,美,0800,1,12,123
09195,羽,0801,1,9,124
09201,翁,0802,1,11,124
09255,者,0803,1,101,125
09264,而,0806,1,120,126
09267,耐,0809,1,3,126
09278,耜,0810,1,9,127
09290,耳,0811,1,9,128
09315,聞,0812,1,11,128
09328,聲,0813,1,4,128
09413,胤,0814,1,7,130
09425,胸,0815,1,7,130
09577,臍,0816,1,2,130
09429,能,0817,1,17,130
09394,背,0818,1,10,130
09508,腰,0819,1,2,130
09522,膂,0820,1,3,130
09548,膩,0821,1,3,130
09601,臨,0822,1,8,131
09596,臣,0823,1,2,131
09602,自,0824,1,31,132
09610,至,0825,1,25,133
09611,致,0826,1,8,133
09632,擧,0827,1,7,134
09675,船,0828,1,5,137
09714,良,0829,1,2,138
09758,花,0830,1,6,140
09764,芹,0831,1,9,140
09982,葦,0832,1,26,140
09966,葉,0833,1,3,140
10040,蓋,0834,1,5,140
09985,葬,0835,1,3,140
09846,草,0836,1,11,140
10031,蒼,0837,1,2,140
09961,落,0838,1,5,140
09807,茂,0839,1,5,140
10270,處,0840,1,17,141
10614,行,0841,1,19,144
10636,衢,0842,1,3,144
10698,裂,0843,1,2,145
10637,衣,0844,1,2,145
10806,襲,0845,1,3,145
10729,裹,0846,1,4,145
10658,衾,0847,1,5,145
10683,被,0848,1,3,145
10826,覆,0849,1,5,146
10820,西,0850,1,2,146
10831,見,0851,1,69,147
10848,親,0853,1,3,147
10837,視,0854,1,7,147
10840,覘,0855,1,2,147
10887,觸,0856,1,2,148
10890,言,0857,1,29,149
11095,謂,0858,1,19,149
11085,諸,0859,1,12,149
11028,誰,0860,1,8,149
11017,語,0861,1,5,149
10925,訪,0862,1,4,149
10896,計,0863,1,4,149
11049,請,0864,1,14,149
11018,誠,0865,1,3,149
11020,誤,0866,1,4,149
11008,誓,0867,1,4,149
10975,試,0868,1,5,149
10999,誅,0869,1,2,149
11024,誨,0870,1,2,149
11200,護,0871,1,2,149
10930,許,0872,1,2,149
11022,誥,0873,1,4,149
10965,詛,0874,1,2,149
11205,譽,0875,1,5,149
10928,設,0876,1,5,149
11090,諾,0877,1,2,149
11234,谷,0878,1,2,150
11250,豆,0879,1,7,151
11261,豐,0880,1,30,151
11253,豈,0881,1,5,151
11283,豫,0882,1,3,152
11306,貇,0883,1,2,153
11355,貴,0884,1,11,154
11344,責,0885,1,5,154
11338,貧,0886,1,7,154
11429,贈,0887,1,3,154
11354,貳,0888,1,2,154
11377,賊,0889,1,2,154
11393,賜,0890,1,9,154
11445,赤,0891,1,9,155
11461,起,0892,1,13,156
11708,躡,0893a,2,2,157
11708b,躡,0893b,2,2,157
11548,路,0894,1,3,157
11614,䠙,0895a,2,1,157
11614b,䠙,0895b,2,1,157
11564,踉,0896a,2,1,157
11564b,踉,0896b,2,1,157
11618,蹈,0897,1,2,157
11715,身,0898,1,8,158
11795,載,0899,1,3,159
11782,軻,0900,1,2,159
11801,輔,0901,1,5,159
11918,辱,0902,1,6,161
12000,通,0903,1,2,162
11977,迺,0904,1,5,162
12070,遠,0905,1,7,162
11951,返,0906,1,2,162
12037,遂,0907,1,18,162
12042,遊,0908,1,11,162
12074,遣,0909,1,22,162
12108,還,0910,1,32,162
12091,遵,0911,1,4,162
12103,避,0912,1,12,162
12051,道,0913,1,6,162
12003,速,0914,1,9,162
12052,達,0915,1,4,162
12004,造,0916,1,9,162
12010,連,0917,1,7,162
12022,進,0918,1,11,162
11983,送,0919,1,7,162
12120,邏,0920,1,2,162
11937,迅,0921,1,2,162
11995,途,0922,1,2,162
12223,鄧,0923,1,4,163
12205,鄕,0924,1,7,163
12188,都,0925,1,3,163
12176,部,0926,1,5,163
12282,酢,0927,1,9,164
12263,配,0928,1,5,164
12373,重,0929,1,10,166
12374,野,0930,1,9,166
12386,針,0931,1,2,167
12388,釣,0932,1,6,167
12421,鈿,0933,1,9,167
12441,鉤,0934,1,48,167
12494,鋪,0935,1,2,167
12418,鈴,0936,1,2,167
12613,鏡,0937,1,6,167
12497,鋺,0938,1,5,167
12698,長,0939,1,19,168
12724,間,0940,1,9,169
12773,闌,0941,1,4,169
12709,門,0942,1,8,169
12716,開,0943,1,5,169
12822,防,0944,1,2,170
12887,隈,0945,1,2,170
12898,隔,0946,1,2,170
12838,降,0947,1,34,170
12870,陸,0948,1,2,170
12855,除,0949,1,2,170
12830,阿,0950,1,10,170
12864,陳,0951,1,2,170
12831,陀,0952,1,3,170
13001,離,0953,1,5,172
12991,雖,0954,1,7,172
12965,雉,0955,1,14,172
12963,集,0956,1,4,172
13073,露,0957,1,4,173
13020,雲,0958,1,8,173
13012,雨,0959,1,2,173
13104,非,0960,1,11,175
13293,響,0961,1,2,180
13302,順,0962,1,6,181
13346,頭,0963,1,3,181
13380,顏,0964,1,2,181
13416,顯,0965,1,7,181
13325,頗,0966,1,2,181
13304,須,0967,1,8,181
13391,願,0968,1,2,181
13316,頓,0969,1,5,181
13423,風,0970,1,13,182
13479,飄,0971,1,2,182
13495,飛,0972,1,2,183
13527,飯,0973,1,8,184
13636,饌,0974,1,2,184
13565,餘,0975,1,2,184
13661,首,0976,1,3,185
13667,香,0977,1,3,186
13680,馬,0978,1,2,187
13681,馭,0979a,2,1,187
13681b,馭,0979b,2,1,187
13771,駿,0980,1,2,187
13864,驢,0981,1,2,187
13852,驚,0982,1,3,187
13775,騃,0983,1,2,187
13873,骨,0984,1,2,188
13940,高,0985,1,53,189
14061,鬼,0987,1,2,194
14101,魚,0988,1,13,195
14356,鱷,0989,1,13,195
14213,鯛,0990,1,3,195
14361,鳥,0991,1,6,196
14379,鳴,0992,1,3,196
14537,鶿,0993,1,7,196
14603,鸕,0994,1,7,196
14621,鹿,0995,1,16,198
14645,麗,0996,1,3,198
14828,齊,0997,1,8,210
00154,亦,0998a,2,28,008
00154b,亦,0998b,2,9,008
00282,來,0999a,2,37,009
00282b,來,0999b,2,2,009
00246,佐,1000a,2,1,009
00246b,佐,1000b,2,1,009
02119,娜,1001a,2,2,038
02119b,娜,1001b,2,1,038
04915,,1002,1,6,075
05979,汙,1003a,2,2,085
05979b,汙,1003b,2,1,085
07241,獲,1004a,2,1,094
07241b,獲,1004b,2,1,094
09921,華,1005a,2,1,140
09921b,華,1005b,2,1,140
12030,逼,1006a,2,2,162
12030b,逼,1006b,2,1,162
14279,鰭,1007a,2,2,195
14279b,鰭,1007b,2,1,195
00118,乾,2001,0,1,005
00455,備,2002,0,1,009
00493,僕,2003,0,1,009
00258,佞,2004,0,1,009
00405,假,2005,0,1,009
00176,介,2006,0,1,009
00718,凶,2007,0,1,017
00735,切,2008,0,1,018
00857,功,2009,0,1,019
01004,卒,2010,0,1,024
01466,嘆,2011,0,1,030
01595,囊,2012,0,1,030
01373,啓,2013,0,1,030
01908,壷,2014,0,1,033
01961,夷,2015,0,1,037
01984,契,2016,0,1,037
02040,妒,2017,0,1,038
02293,學,2018,0,1,039
02397,寬,2019,0,1,040
02799,市,2020,0,1,050
02915,幾,2021,0,1,052
02992,廢,2022,0,1,053
03143,徒,2023,0,1,060
03292,恩,2024,0,1,061
03372,惱,2025,0,1,061
03289,恥,2026,0,1,061
03645,戾,2027,0,1,063
03758,招,2028,0,1,064
03686,扶,2029,0,1,064
04311,斃,2030,0,1,066
04363,斥,2031,0,1,069
04518,昵,2032,0,1,072
04608,暴,2033,0,1,072
05150,楫,2034,0,1,075
05529,權,2035,0,1,075
04978,梔,2036,0,1,075
14917,桅,2037,0,1,075
04781,板,2038,0,1,075
05591,款,2039,0,1,076
05641,止,2040,0,1,077
05645,步,2041,0,1,077
05932,氏,2042,0,1,083
06151,流,2043,0,1,085
06396,源,2044,0,1,085
06269,淤,2045,0,1,085
06969,燃,2046,0,1,086
06874,焦,2047,0,1,086
06957,熱,2048,0,1,086
06978,燒,2049,0,1,086
06847,烟,2050,0,1,086
07087,牽,2051,0,1,093
07707,發,2052,0,1,105
07817,看,2053,0,1,109
07799,直,2054,0,1,109
07867,睨,2055,0,1,109
08993,總,2056,0,1,120
09030,繋,2057,0,1,120
08976,縫,2058,0,1,120
09064,纏,2059,0,1,120
09133,罷,2060,0,1,122
09177,義,2061,0,1,123
09249,耀,2062,0,1,124
09335,聽,2063,0,1,128
09541,膝,2064,0,1,130
10703,裏,2065,0,1,145
10708,裔,2066,0,1,145
10857,覽,2067,0,1,147
10875,解,2068,0,1,148
10936,訶,2069,0,1,149
11264,豔,2070,0,1,151
11799,輒,2071,0,1,159
12093,遷,2072,0,1,162
12783,闕,2073,0,1,169
12714,閉,2074,0,1,169
12862,陰,2075,0,1,170
14659,麤,2077,0,1,198
14876,龍,2078,0,1,212
14887,龜,2079,0,1,213
00516,儀,2080,1,2,009
00574,兒,2081,1,64,010
00567,光,2083,1,4,010
00591,兩,2084,1,3,011
00589,全,2085,1,2,011
00701,凡,2086,1,6,016
00734,分,2087,1,3,018
00893,勝,2088,1,21,019
00898,勢,2089,1,3,019
01074,原,2090,1,18,027
01128,受,2091,1,6,029
01127,取,2092,1,14,029
01112,友,2093,1,4,029
01150,召,2094,1,10,030
01312,咲,2095,1,2,030
01611,因,2096,1,39,031
01654,土,2097,1,5,032
01682,坐,2098,1,6,032
01672,坂,2099,1,2,032
01905,壯,2100,1,3,033
02346,害,2101,1,5,040
02313,完,2102,1,3,040
02309,安,2103,1,3,040
02325,定,2104,1,7,040
02435,對,2105,1,24,041
02515,屬,2106,1,5,044
02828,帥,2107,1,2,050
02846,帶,2108,1,6,050
02900,年,2109,1,6,051
02924,床,2110,1,10,053
02984x,廗,2111,1,2,053
02952,庭,2112,1,2,053
03005,延,2113,1,4,054
03153,御,2114,1,11,060
03151,從,2115,1,17,060
03312,悉,2116,1,2,061
03367,惡,2117,1,6,061
03438,慇,2118,1,2,061
03499,憐,2119,1,4,061
03238,怜,2120,1,4,061
03585,懷,2121,1,3,061
03248,怪,2122,1,2,061
03617,或,2123,1,3,062
03647,所,2124,1,45,063
03750,拔,2125,1,3,064
04146,攀,2126,1,2,064
04298,數,2127,1,4,066
04713,本,2128,1,12,075
05381,橫,2129,1,3,075
05612,歎,2130,1,2,076
05644,此,2131,1,86,077
05676,歸,2133,1,13,077
05643,正,2134,1,6,077
06432,滅,2135,1,2,085
06882,焰,2136,1,2,086
07122,狀,2137,1,6,094
07248,獸,2138,1,3,094
07162,狹,2139,1,19,094
07395,瓏,2140,1,2,096
07457,甚,2141,1,5,099
07508,留,2142,1,9,102
07557,疏,2143,1,2,103
07559,疑,2144,1,5,103
07759,益,2145,1,3,108
08047,磐,2146,1,21,112
08135,祭,2147,1,2,113
08180,私,2148,1,3,115
08248,稱,2149,1,8,115
08235,稜,2150,1,4,115
08353,竊,2151,1,2,116
08426,等,2152,1,15,118
08438,策,2153,1,2,118
09028,繩,2154,1,2,120
09128,置,2155,1,7,122
09250,老,2156,1,12,125
09292,耶,2157,1,21,128
09617,臺,2158,1,2,133
09629,與,2159,1,21,134
09630,興,2160,1,2,134
09716,色,2161,1,4,139
09972,著,2162,1,3,140
09789,苦,2163,1,6,140
09788,若,2164,1,18,140
09994,葺,2165,1,8,140
10160,薦,2166,1,2,140
10272,虛,2167,1,3,141
10276,號,2168a,2,19,141
10276b,號,2168b,2,12,141
10563,蠅,2169,1,3,142
10649,衰,2170,1,2,145
10774,襃,2171,1,3,145
10834,覓,2172,1,6,147
10912,訖,2173,1,6,149
11311,貌,2174,1,2,153
11454,走,2175,1,3,156
11914,辭,2176,1,6,160
11947,迎,2177,1,4,162
12009,逢,2178,1,2,162
12115,邊,2179,1,10,162
12139,邪,2180,1,2,163
12935,隱,2181,1,4,170
12927,隨,2182,1,7,170
12867,陵,2183,1,3,170
12961,雄,2184,1,2,172
13092,靈,2185,1,28,173
13409,顧,2186,1,2,181
13551,養,2187,1,8,184
13641,饒,2188,1,3,184
13839,驅,2189a,2,2,187
13839b,驅,2189b,2,1,187
12957,雁,2190,1,2,172
14620,鹽,2191,1,2,197
14809,鼻,2192,1,2,209
00219,休,2193a,2,1,009
00219b,休,2193b,2,1,009
01452,嗣,2194,1,5,030
03066,強,2195a,2,1,057
03066b,強,2195b,2,1,057
04389,於,2196a,2,69,070
04389b,於,2196b,2,11,070
07043,爾,2198a,2,8,089
07043b,爾,2198b,2,1,089
07139,狗,2199a,2,1,094
07139b,狗,2199b,2,1,094
09954,萬,2200a,2,7,140
09954b,萬,2200b,2,2,140
11495,足,2201a,2,5,157
11495b,足,2201b,2,1,157
04303,整,2202,0,1,066
04542,晝,2203,0,1,072
